Match.Number,Bowler,Overs,Balls,Mdns,Runs,Wkts,Econ,Inns,Opposition,Ground,Score,Wickets.Lost,Team.Overs,RPO,Target,Bowl.Inns,Result,Date,Op.Score,Op.Wickets.Lost,Op.Overs,Op.RPO,Op.Target,Dis,Ct,St,Ct.Wk,Ct.Fi,field.inns,Total.Catches
1,AB Agarkar,2.3,15,1,10,2,4,1,v South Africa,Johannesburg,127,4,19.5,6.4,127,2,1,01/12/06,126,9,20,6.3,NA,0,0,0,0,0,1,1
1,Harbhajan Singh,3,18,0,22,1,7.33,1,v South Africa,Johannesburg,127,4,19.5,6.4,127,2,1,01/12/06,126,9,20,6.3,NA,0,0,0,0,0,1,1
1,IK Pathan,4,24,0,30,0,7.5,1,v South Africa,Johannesburg,127,4,19.5,6.4,127,2,1,01/12/06,126,9,20,6.3,NA,0,0,0,0,0,1,1
1,S Sreesanth,4,24,0,33,1,8.25,1,v South Africa,Johannesburg,127,4,19.5,6.4,127,2,1,01/12/06,126,9,20,6.3,NA,0,0,0,0,0,1,1
1,SR Tendulkar,2.3,15,0,12,1,4.8,1,v South Africa,Johannesburg,127,4,19.5,6.4,127,2,1,01/12/06,126,9,20,6.3,NA,1,1,0,0,1,1,1
1,Z Khan,4,24,0,15,2,3.75,1,v South Africa,Johannesburg,127,4,19.5,6.4,127,2,1,01/12/06,126,9,20,6.3,NA,0,0,0,0,0,1,1
3,AB Agarkar,4,24,0,40,0,10,1,v New Zealand,Johannesburg,180,9,20,9,191,2,0,16/09/07,190,10,20,9.5,NA,0,0,0,0,0,1,1
3,Harbhajan Singh,4,24,0,24,2,6,1,v New Zealand,Johannesburg,180,9,20,9,191,2,0,16/09/07,190,10,20,9.5,NA,0,0,0,0,0,1,1
3,IK Pathan,2,12,0,16,0,8,1,v New Zealand,Johannesburg,180,9,20,9,191,2,0,16/09/07,190,10,20,9.5,NA,0,0,0,0,0,1,1
3,RP Singh,4,24,0,29,2,7.25,1,v New Zealand,Johannesburg,180,9,20,9,191,2,0,16/09/07,190,10,20,9.5,NA,1,1,0,0,1,1,1
3,S Sreesanth,3,18,0,37,1,12.33,1,v New Zealand,Johannesburg,180,9,20,9,191,2,0,16/09/07,190,10,20,9.5,NA,0,0,0,0,0,1,1
3,Yuvraj Singh,3,18,0,38,1,12.66,1,v New Zealand,Johannesburg,180,9,20,9,191,2,0,16/09/07,190,10,20,9.5,NA,0,0,0,0,0,1,1
4,Harbhajan Singh,4,24,0,35,1,8.75,2,v England,Durban,218,4,20,10.9,NA,1,1,19/09/07,200,6,20,10,219,2,2,0,0,2,2,3
4,IK Pathan,4,24,0,37,3,9.25,2,v England,Durban,218,4,20,10.9,NA,1,1,19/09/07,200,6,20,10,219,0,0,0,0,0,2,3
4,Joginder Sharma,4,24,0,57,0,14.25,2,v England,Durban,218,4,20,10.9,NA,1,1,19/09/07,200,6,20,10,219,1,1,0,0,1,2,3
4,RP Singh,4,24,0,28,2,7,2,v England,Durban,218,4,20,10.9,NA,1,1,19/09/07,200,6,20,10,219,0,0,0,0,0,2,3
4,S Sreesanth,4,24,0,38,0,9.5,2,v England,Durban,218,4,20,10.9,NA,1,1,19/09/07,200,6,20,10,219,0,0,0,0,0,2,3
5,Harbhajan Singh,4,24,0,31,2,7.75,2,v South Africa,Durban,153,5,20,7.65,NA,1,1,20/09/07,116,9,20,5.8,154,0,0,0,0,0,2,0
5,IK Pathan,4,24,0,16,0,4,2,v South Africa,Durban,153,5,20,7.65,NA,1,1,20/09/07,116,9,20,5.8,154,0,0,0,0,0,2,0
5,Joginder Sharma,4,24,0,24,0,6,2,v South Africa,Durban,153,5,20,7.65,NA,1,1,20/09/07,116,9,20,5.8,154,0,0,0,0,0,2,0
5,RP Singh,4,24,0,13,4,3.25,2,v South Africa,Durban,153,5,20,7.65,NA,1,1,20/09/07,116,9,20,5.8,154,0,0,0,0,0,2,0
5,S Sreesanth,4,24,0,23,2,5.75,2,v South Africa,Durban,153,5,20,7.65,NA,1,1,20/09/07,116,9,20,5.8,154,0,0,0,0,0,2,0
6,Harbhajan Singh,4,24,0,24,1,6,2,v Australia,Durban,188,5,20,9.4,NA,1,1,22/09/07,173,7,20,8.65,189,0,0,0,0,0,2,1
6,IK Pathan,4,24,0,44,2,11,2,v Australia,Durban,188,5,20,9.4,NA,1,1,22/09/07,173,7,20,8.65,189,0,0,0,0,0,2,1
6,Joginder Sharma,3,18,0,37,2,12.33,2,v Australia,Durban,188,5,20,9.4,NA,1,1,22/09/07,173,7,20,8.65,189,1,1,0,0,1,2,1
6,RP Singh,4,24,0,33,0,8.25,2,v Australia,Durban,188,5,20,9.4,NA,1,1,22/09/07,173,7,20,8.65,189,0,0,0,0,0,2,1
6,S Sreesanth,4,24,1,12,2,3,2,v Australia,Durban,188,5,20,9.4,NA,1,1,22/09/07,173,7,20,8.65,189,0,0,0,0,0,2,1
6,V Sehwag,1,6,0,20,0,20,2,v Australia,Durban,188,5,20,9.4,NA,1,1,22/09/07,173,7,20,8.65,189,0,0,0,0,0,2,1
7,Harbhajan Singh,3,18,0,36,0,12,2,v Pakistan,Johannesburg,157,5,20,7.85,NA,1,1,24/09/07,152,10,19.3,7.79,158,0,0,0,0,0,2,3
7,IK Pathan,4,24,0,16,3,4,2,v Pakistan,Johannesburg,157,5,20,7.85,NA,1,1,24/09/07,152,10,19.3,7.79,158,0,0,0,0,0,2,3
7,Joginder Sharma,3.3,21,0,20,2,5.71,2,v Pakistan,Johannesburg,157,5,20,7.85,NA,1,1,24/09/07,152,10,19.3,7.79,158,0,0,0,0,0,2,3
7,RP Singh,4,24,0,26,3,6.5,2,v Pakistan,Johannesburg,157,5,20,7.85,NA,1,1,24/09/07,152,10,19.3,7.79,158,0,0,0,0,0,2,3
7,S Sreesanth,4,24,1,44,1,11,2,v Pakistan,Johannesburg,157,5,20,7.85,NA,1,1,24/09/07,152,10,19.3,7.79,158,2,2,0,0,2,2,3
7,YK Pathan,1,6,0,5,0,5,2,v Pakistan,Johannesburg,157,5,20,7.85,NA,1,1,24/09/07,152,10,19.3,7.79,158,1,1,0,0,1,2,3
8,Harbhajan Singh,4,24,0,17,1,4.25,1,v Australia,Mumbai (BS),167,3,18.1,9.19,167,2,1,20/10/07,166,5,20,8.3,NA,0,0,0,0,0,1,0
8,IK Pathan,4,24,0,34,2,8.5,1,v Australia,Mumbai (BS),167,3,18.1,9.19,167,2,1,20/10/07,166,5,20,8.3,NA,0,0,0,0,0,1,0
8,M Kartik,4,24,0,27,0,6.75,1,v Australia,Mumbai (BS),167,3,18.1,9.19,167,2,1,20/10/07,166,5,20,8.3,NA,0,0,0,0,0,1,0
8,RP Singh,4,24,0,39,1,9.75,1,v Australia,Mumbai (BS),167,3,18.1,9.19,167,2,1,20/10/07,166,5,20,8.3,NA,0,0,0,0,0,1,0
8,S Sreesanth,4,24,0,47,0,11.75,1,v Australia,Mumbai (BS),167,3,18.1,9.19,167,2,1,20/10/07,166,5,20,8.3,NA,0,0,0,0,0,1,0
9,Harbhajan Singh,2,12,0,7,0,3.5,2,v Australia,Melbourne,74,10,17.3,4.22,NA,1,0,01/02/08,75,1,11.2,6.61,75,0,0,0,0,0,2,0
9,I Sharma,1.2,8,0,8,0,6,2,v Australia,Melbourne,74,10,17.3,4.22,NA,1,0,01/02/08,75,1,11.2,6.61,75,0,0,0,0,0,2,0
9,IK Pathan,3,18,0,18,0,6,2,v Australia,Melbourne,74,10,17.3,4.22,NA,1,0,01/02/08,75,1,11.2,6.61,75,0,0,0,0,0,2,0
9,P Kumar,2,12,0,15,1,7.5,2,v Australia,Melbourne,74,10,17.3,4.22,NA,1,0,01/02/08,75,1,11.2,6.61,75,0,0,0,0,0,2,0
9,S Sreesanth,3,18,0,25,0,8.33,2,v Australia,Melbourne,74,10,17.3,4.22,NA,1,0,01/02/08,75,1,11.2,6.61,75,0,0,0,0,0,2,0
10,I Sharma,4,24,0,40,1,10,1,v Sri Lanka,Colombo (RPS),174,7,19.2,9,172,2,1,10/02/09,171,4,20,8.55,NA,1,1,0,0,1,1,2
10,IK Pathan,4,24,0,34,1,8.5,1,v Sri Lanka,Colombo (RPS),174,7,19.2,9,172,2,1,10/02/09,171,4,20,8.55,NA,0,0,0,0,0,1,2
10,RA Jadeja,4,24,0,29,0,7.25,1,v Sri Lanka,Colombo (RPS),174,7,19.2,9,172,2,1,10/02/09,171,4,20,8.55,NA,0,0,0,0,0,1,2
10,YK Pathan,4,24,0,23,2,5.75,1,v Sri Lanka,Colombo (RPS),174,7,19.2,9,172,2,1,10/02/09,171,4,20,8.55,NA,1,1,0,0,1,1,2
10,Z Khan,4,24,0,34,0,8.5,1,v Sri Lanka,Colombo (RPS),174,7,19.2,9,172,2,1,10/02/09,171,4,20,8.55,NA,0,0,0,0,0,1,2
11,Harbhajan Singh,4,24,0,19,1,4.75,2,v New Zealand,Christchurch,162,8,20,8.1,NA,1,0,25/02/09,166,3,18.5,8.81,163,0,0,0,0,0,2,0
11,I Sharma,4,24,0,35,1,8.75,2,v New Zealand,Christchurch,162,8,20,8.1,NA,1,0,25/02/09,166,3,18.5,8.81,163,0,0,0,0,0,2,0
11,IK Pathan,3,18,0,38,0,12.66,2,v New Zealand,Christchurch,162,8,20,8.1,NA,1,0,25/02/09,166,3,18.5,8.81,163,0,0,0,0,0,2,0
11,YK Pathan,2.5,17,0,37,0,13.05,2,v New Zealand,Christchurch,162,8,20,8.1,NA,1,0,25/02/09,166,3,18.5,8.81,163,0,0,0,0,0,2,0
11,Yuvraj Singh,1,6,0,17,0,17,2,v New Zealand,Christchurch,162,8,20,8.1,NA,1,0,25/02/09,166,3,18.5,8.81,163,0,0,0,0,0,2,0
11,Z Khan,4,24,0,20,1,5,2,v New Zealand,Christchurch,162,8,20,8.1,NA,1,0,25/02/09,166,3,18.5,8.81,163,0,0,0,0,0,2,0
12,Harbhajan Singh,4,24,0,15,1,3.75,2,v New Zealand,Wellington,149,6,20,7.45,NA,1,0,27/02/09,150,5,20,7.5,150,0,0,0,0,0,2,1
12,I Sharma,2,12,0,19,0,9.5,2,v New Zealand,Wellington,149,6,20,7.45,NA,1,0,27/02/09,150,5,20,7.5,150,0,0,0,0,0,2,1
12,IK Pathan,4,24,0,41,2,10.25,2,v New Zealand,Wellington,149,6,20,7.45,NA,1,0,27/02/09,150,5,20,7.5,150,1,1,0,0,1,2,1
12,RA Jadeja,4,24,0,21,0,5.25,2,v New Zealand,Wellington,149,6,20,7.45,NA,1,0,27/02/09,150,5,20,7.5,150,0,0,0,0,0,2,1
12,Yuvraj Singh,2,12,0,17,1,8.5,2,v New Zealand,Wellington,149,6,20,7.45,NA,1,0,27/02/09,150,5,20,7.5,150,0,0,0,0,0,2,1
12,Z Khan,4,24,0,30,1,7.5,2,v New Zealand,Wellington,149,6,20,7.45,NA,1,0,27/02/09,150,5,20,7.5,150,0,0,0,0,0,2,1
13,Harbhajan Singh,4,24,0,25,0,6.25,2,v Bangladesh,Nottingham,180,5,20,9,NA,1,1,06/06/09,155,8,20,7.75,181,1,1,0,0,1,2,2
13,I Sharma,4,24,0,34,2,8.5,2,v Bangladesh,Nottingham,180,5,20,9,NA,1,1,06/06/09,155,8,20,7.75,181,0,0,0,0,0,2,2
13,IK Pathan,2,12,0,20,0,10,2,v Bangladesh,Nottingham,180,5,20,9,NA,1,1,06/06/09,155,8,20,7.75,181,0,0,0,0,0,2,2
13,PP Ojha,4,24,0,21,4,5.25,2,v Bangladesh,Nottingham,180,5,20,9,NA,1,1,06/06/09,155,8,20,7.75,181,1,1,0,0,1,2,2
13,YK Pathan,3,18,0,26,1,8.66,2,v Bangladesh,Nottingham,180,5,20,9,NA,1,1,06/06/09,155,8,20,7.75,181,0,0,0,0,0,2,2
13,Z Khan,3,18,0,26,1,8.66,2,v Bangladesh,Nottingham,180,5,20,9,NA,1,1,06/06/09,155,8,20,7.75,181,0,0,0,0,0,2,2
14,Harbhajan Singh,4,24,0,25,1,6.25,1,v Ireland,Nottingham,113,2,15.3,7.29,113,2,1,10/06/09,112,8,18,6.22,NA,0,0,0,0,0,1,1
14,I Sharma,3,18,0,18,0,6,1,v Ireland,Nottingham,113,2,15.3,7.29,113,2,1,10/06/09,112,8,18,6.22,NA,0,0,0,0,0,1,1
14,IK Pathan,3,18,0,22,0,7.33,1,v Ireland,Nottingham,113,2,15.3,7.29,113,2,1,10/06/09,112,8,18,6.22,NA,0,0,0,0,0,1,1
14,PP Ojha,4,24,0,18,2,4.5,1,v Ireland,Nottingham,113,2,15.3,7.29,113,2,1,10/06/09,112,8,18,6.22,NA,0,0,0,0,0,1,1
14,Yuvraj Singh,1,6,0,4,0,4,1,v Ireland,Nottingham,113,2,15.3,7.29,113,2,1,10/06/09,112,8,18,6.22,NA,1,1,0,0,1,1,1
14,Z Khan,3,18,0,19,4,6.33,1,v Ireland,Nottingham,113,2,15.3,7.29,113,2,1,10/06/09,112,8,18,6.22,NA,0,0,0,0,0,1,1
15,Harbhajan Singh,4,24,1,31,0,7.75,2,v West Indies,Lord's,153,7,20,7.65,NA,1,0,12/06/09,156,3,18.4,8.35,154,0,0,0,0,0,2,2
15,I Sharma,3,18,0,31,0,10.33,2,v West Indies,Lord's,153,7,20,7.65,NA,1,0,12/06/09,156,3,18.4,8.35,154,0,0,0,0,0,2,2
15,IK Pathan,2,12,0,9,1,4.5,2,v West Indies,Lord's,153,7,20,7.65,NA,1,0,12/06/09,156,3,18.4,8.35,154,1,1,0,0,1,2,2
15,PP Ojha,3,18,0,29,1,9.66,2,v West Indies,Lord's,153,7,20,7.65,NA,1,0,12/06/09,156,3,18.4,8.35,154,0,0,0,0,0,2,2
15,YK Pathan,4,24,0,27,1,6.75,2,v West Indies,Lord's,153,7,20,7.65,NA,1,0,12/06/09,156,3,18.4,8.35,154,0,0,0,0,0,2,2
15,Z Khan,2.4,16,0,26,0,9.75,2,v West Indies,Lord's,153,7,20,7.65,NA,1,0,12/06/09,156,3,18.4,8.35,154,1,1,0,0,1,2,2
16,Harbhajan Singh,4,24,0,30,3,7.5,1,v England,Lord's,150,5,20,7.5,154,2,0,14/06/09,153,7,20,7.65,NA,1,1,0,0,1,1,2
16,I Sharma,4,24,0,36,0,9,1,v England,Lord's,150,5,20,7.5,154,2,0,14/06/09,153,7,20,7.65,NA,0,0,0,0,0,1,2
16,RA Jadeja,4,24,0,26,2,6.5,1,v England,Lord's,150,5,20,7.5,154,2,0,14/06/09,153,7,20,7.65,NA,1,1,0,0,1,1,2
16,RP Singh,3,18,0,13,1,4.33,1,v England,Lord's,150,5,20,7.5,154,2,0,14/06/09,153,7,20,7.65,NA,0,0,0,0,0,1,2
16,Yuvraj Singh,2,12,0,20,0,10,1,v England,Lord's,150,5,20,7.5,154,2,0,14/06/09,153,7,20,7.65,NA,0,0,0,0,0,1,2
16,Z Khan,3,18,0,26,1,8.66,1,v England,Lord's,150,5,20,7.5,154,2,0,14/06/09,153,7,20,7.65,NA,0,0,0,0,0,1,2
17,Harbhajan Singh,4,24,0,20,1,5,1,v South Africa,Nottingham,118,8,20,5.9,131,2,0,16/06/09,130,5,20,6.5,NA,0,0,0,0,0,1,3
17,I Sharma,1,6,0,6,0,6,1,v South Africa,Nottingham,118,8,20,5.9,131,2,0,16/06/09,130,5,20,6.5,NA,0,0,0,0,0,1,3
17,RA Jadeja,3,18,0,9,1,3,1,v South Africa,Nottingham,118,8,20,5.9,131,2,0,16/06/09,130,5,20,6.5,NA,2,2,0,0,2,1,3
17,RG Sharma,2,12,0,15,0,7.5,1,v South Africa,Nottingham,118,8,20,5.9,131,2,0,16/06/09,130,5,20,6.5,NA,0,0,0,0,0,1,3
17,RP Singh,2,12,0,21,1,10.5,1,v South Africa,Nottingham,118,8,20,5.9,131,2,0,16/06/09,130,5,20,6.5,NA,1,1,0,0,1,1,3
17,SK Raina,1,6,0,6,1,6,1,v South Africa,Nottingham,118,8,20,5.9,131,2,0,16/06/09,130,5,20,6.5,NA,0,0,0,0,0,1,3
17,Yuvraj Singh,4,24,0,25,0,6.25,1,v South Africa,Nottingham,118,8,20,5.9,131,2,0,16/06/09,130,5,20,6.5,NA,0,0,0,0,0,1,3
17,Z Khan,3,18,0,26,1,8.66,1,v South Africa,Nottingham,118,8,20,5.9,131,2,0,16/06/09,130,5,20,6.5,NA,0,0,0,0,0,1,3
18,A Nehra,4,24,0,52,1,13,1,v Sri Lanka,Nagpur,186,9,20,9.3,216,2,0,09/12/09,215,5,20,10.75,NA,0,0,0,0,0,1,1
18,AB Dinda,3,18,0,34,1,11.33,1,v Sri Lanka,Nagpur,186,9,20,9.3,216,2,0,09/12/09,215,5,20,10.75,NA,0,0,0,0,0,1,1
18,I Sharma,4,24,0,22,0,5.5,1,v Sri Lanka,Nagpur,186,9,20,9.3,216,2,0,09/12/09,215,5,20,10.75,NA,1,1,0,0,1,1,1
18,PP Ojha,2,12,0,27,0,13.5,1,v Sri Lanka,Nagpur,186,9,20,9.3,216,2,0,09/12/09,215,5,20,10.75,NA,0,0,0,0,0,1,1
18,RG Sharma,3,18,0,22,1,7.33,1,v Sri Lanka,Nagpur,186,9,20,9.3,216,2,0,09/12/09,215,5,20,10.75,NA,0,0,0,0,0,1,1
18,YK Pathan,4,24,0,54,1,13.5,1,v Sri Lanka,Nagpur,186,9,20,9.3,216,2,0,09/12/09,215,5,20,10.75,NA,0,0,0,0,0,1,1
19,A Nehra,3,18,0,44,0,14.66,1,v Sri Lanka,Mohali,211,4,19.1,11,207,2,1,12/12/09,206,7,20,10.3,NA,1,1,0,0,1,1,3
19,I Sharma,4,24,0,42,2,10.5,1,v Sri Lanka,Mohali,211,4,19.1,11,207,2,1,12/12/09,206,7,20,10.3,NA,0,0,0,0,0,1,3
19,RA Jadeja,4,24,0,30,0,7.5,1,v Sri Lanka,Mohali,211,4,19.1,11,207,2,1,12/12/09,206,7,20,10.3,NA,1,1,0,0,1,1,3
19,S Tyagi,2,12,0,21,0,10.5,1,v Sri Lanka,Mohali,211,4,19.1,11,207,2,1,12/12/09,206,7,20,10.3,NA,1,1,0,0,1,1,3
19,SK Raina,1,6,0,10,0,10,1,v Sri Lanka,Mohali,211,4,19.1,11,207,2,1,12/12/09,206,7,20,10.3,NA,0,0,0,0,0,1,3
19,YK Pathan,3,18,0,29,1,9.66,1,v Sri Lanka,Mohali,211,4,19.1,11,207,2,1,12/12/09,206,7,20,10.3,NA,0,0,0,0,0,1,3
19,Yuvraj Singh,3,18,0,23,3,7.66,1,v Sri Lanka,Mohali,211,4,19.1,11,207,2,1,12/12/09,206,7,20,10.3,NA,0,0,0,0,0,1,3
20,A Nehra,4,24,0,19,3,4.75,1,v Afghanistan,Gros Islet,116,3,14.5,7.82,116,2,1,01/05/10,115,8,20,5.75,NA,1,1,0,0,1,1,2
20,Harbhajan Singh,4,24,0,24,0,6,1,v Afghanistan,Gros Islet,116,3,14.5,7.82,116,2,1,01/05/10,115,8,20,5.75,NA,0,0,0,0,0,1,2
20,P Kumar,3,18,0,14,2,4.66,1,v Afghanistan,Gros Islet,116,3,14.5,7.82,116,2,1,01/05/10,115,8,20,5.75,NA,0,0,0,0,0,1,2
20,RA Jadeja,4,24,1,15,1,3.75,1,v Afghanistan,Gros Islet,116,3,14.5,7.82,116,2,1,01/05/10,115,8,20,5.75,NA,0,0,0,0,0,1,2
20,YK Pathan,1,6,0,12,0,12,1,v Afghanistan,Gros Islet,116,3,14.5,7.82,116,2,1,01/05/10,115,8,20,5.75,NA,0,0,0,0,0,1,2
20,Yuvraj Singh,1,6,0,4,0,4,1,v Afghanistan,Gros Islet,116,3,14.5,7.82,116,2,1,01/05/10,115,8,20,5.75,NA,0,0,0,0,0,1,2
20,Z Khan,3,18,0,24,1,8,1,v Afghanistan,Gros Islet,116,3,14.5,7.82,116,2,1,01/05/10,115,8,20,5.75,NA,1,1,0,0,1,1,2
21,A Nehra,4,24,0,27,1,6.75,2,v South Africa,Gros Islet,186,5,20,9.3,NA,1,1,02/05/10,172,5,20,8.6,187,0,0,0,0,0,2,4
21,Harbhajan Singh,4,24,0,33,0,8.25,2,v South Africa,Gros Islet,186,5,20,9.3,NA,1,1,02/05/10,172,5,20,8.6,187,1,1,0,0,1,2,4
21,P Kumar,1,6,0,3,0,3,2,v South Africa,Gros Islet,186,5,20,9.3,NA,1,1,02/05/10,172,5,20,8.6,187,0,0,0,0,0,2,4
21,PP Chawla,3,18,0,27,1,9,2,v South Africa,Gros Islet,186,5,20,9.3,NA,1,1,02/05/10,172,5,20,8.6,187,2,2,0,0,2,2,4
21,RA Jadeja,4,24,0,37,0,9.25,2,v South Africa,Gros Islet,186,5,20,9.3,NA,1,1,02/05/10,172,5,20,8.6,187,1,1,0,0,1,2,4
21,YK Pathan,4,24,0,42,2,10.5,2,v South Africa,Gros Islet,186,5,20,9.3,NA,1,1,02/05/10,172,5,20,8.6,187,0,0,0,0,0,2,4
22,A Nehra,4,24,0,31,2,7.75,1,v Australia,Bridgetown,135,10,17.4,7.64,185,2,0,07/05/10,184,5,20,9.2,NA,0,0,0,0,0,1,0
22,Harbhajan Singh,4,24,1,15,0,3.75,1,v Australia,Bridgetown,135,10,17.4,7.64,185,2,0,07/05/10,184,5,20,9.2,NA,0,0,0,0,0,1,0
22,RA Jadeja,2,12,0,38,0,19,1,v Australia,Bridgetown,135,10,17.4,7.64,185,2,0,07/05/10,184,5,20,9.2,NA,0,0,0,0,0,1,0
22,YK Pathan,4,24,0,35,1,8.75,1,v Australia,Bridgetown,135,10,17.4,7.64,185,2,0,07/05/10,184,5,20,9.2,NA,0,0,0,0,0,1,0
22,Yuvraj Singh,2,12,0,20,2,10,1,v Australia,Bridgetown,135,10,17.4,7.64,185,2,0,07/05/10,184,5,20,9.2,NA,0,0,0,0,0,1,0
22,Z Khan,4,24,0,45,0,11.25,1,v Australia,Bridgetown,135,10,17.4,7.64,185,2,0,07/05/10,184,5,20,9.2,NA,0,0,0,0,0,1,0
23,A Nehra,4,24,0,35,3,8.75,1,v West Indies,Bridgetown,155,9,20,7.75,170,2,0,09/05/10,169,6,20,8.45,NA,0,0,0,0,0,1,1
23,Harbhajan Singh,4,24,0,16,0,4,1,v West Indies,Bridgetown,155,9,20,7.75,170,2,0,09/05/10,169,6,20,8.45,NA,0,0,0,0,0,1,1
23,RA Jadeja,2,12,0,27,1,13.5,1,v West Indies,Bridgetown,155,9,20,7.75,170,2,0,09/05/10,169,6,20,8.45,NA,0,0,0,0,0,1,1
23,SK Raina,2,12,0,23,0,11.5,1,v West Indies,Bridgetown,155,9,20,7.75,170,2,0,09/05/10,169,6,20,8.45,NA,0,0,0,0,0,1,1
23,YK Pathan,4,24,0,28,0,7,1,v West Indies,Bridgetown,155,9,20,7.75,170,2,0,09/05/10,169,6,20,8.45,NA,1,1,0,0,1,1,1
23,Z Khan,4,24,0,36,1,9,1,v West Indies,Bridgetown,155,9,20,7.75,170,2,0,09/05/10,169,6,20,8.45,NA,0,0,0,0,0,1,1
24,A Nehra,4,24,0,44,1,11,2,v Sri Lanka,Gros Islet,163,5,20,8.15,NA,1,0,11/05/10,167,5,20,8.35,164,0,0,0,0,0,2,2
24,Harbhajan Singh,4,24,0,35,0,8.75,2,v Sri Lanka,Gros Islet,163,5,20,8.15,NA,1,0,11/05/10,167,5,20,8.35,164,0,0,0,0,0,2,2
24,PP Chawla,4,24,0,28,0,7,2,v Sri Lanka,Gros Islet,163,5,20,8.15,NA,1,0,11/05/10,167,5,20,8.35,164,0,0,0,0,0,2,2
24,R Vinay Kumar,4,24,0,30,2,7.5,2,v Sri Lanka,Gros Islet,163,5,20,8.15,NA,1,0,11/05/10,167,5,20,8.35,164,0,0,0,0,0,2,2
24,YK Pathan,3,18,0,23,1,7.66,2,v Sri Lanka,Gros Islet,163,5,20,8.15,NA,1,0,11/05/10,167,5,20,8.35,164,1,1,0,0,1,2,2
24,Yuvraj Singh,1,6,0,6,0,6,2,v Sri Lanka,Gros Islet,163,5,20,8.15,NA,1,0,11/05/10,167,5,20,8.35,164,1,1,0,0,1,2,2
25,AB Dinda,3,18,0,27,2,9,1,v Zimbabwe,Harare,112,4,15,7.46,112,2,1,12/06/10,111,9,20,5.55,NA,0,0,0,0,0,1,0
25,PP Chawla,4,24,0,14,1,3.5,1,v Zimbabwe,Harare,112,4,15,7.46,112,2,1,12/06/10,111,9,20,5.55,NA,0,0,0,0,0,1,0
25,PP Ojha,4,24,0,11,2,2.75,1,v Zimbabwe,Harare,112,4,15,7.46,112,2,1,12/06/10,111,9,20,5.55,NA,0,0,0,0,0,1,0
25,R Ashwin,4,24,0,22,1,5.5,1,v Zimbabwe,Harare,112,4,15,7.46,112,2,1,12/06/10,111,9,20,5.55,NA,0,0,0,0,0,1,0
25,R Vinay Kumar,3,18,0,24,3,8,1,v Zimbabwe,Harare,112,4,15,7.46,112,2,1,12/06/10,111,9,20,5.55,NA,0,0,0,0,0,1,0
25,YK Pathan,2,12,0,10,0,5,1,v Zimbabwe,Harare,112,4,15,7.46,112,2,1,12/06/10,111,9,20,5.55,NA,0,0,0,0,0,1,0
26,A Mishra,4,24,0,21,1,5.25,1,v Zimbabwe,Harare,144,3,18,8,141,2,1,13/06/10,140,5,20,7,NA,0,0,0,0,0,1,0
26,AB Dinda,4,24,0,15,2,3.75,1,v Zimbabwe,Harare,144,3,18,8,141,2,1,13/06/10,140,5,20,7,NA,0,0,0,0,0,1,0
26,PP Ojha,4,24,0,26,1,6.5,1,v Zimbabwe,Harare,144,3,18,8,141,2,1,13/06/10,140,5,20,7,NA,0,0,0,0,0,1,0
26,R Ashwin,4,24,0,48,1,12,1,v Zimbabwe,Harare,144,3,18,8,141,2,1,13/06/10,140,5,20,7,NA,0,0,0,0,0,1,0
26,R Vinay Kumar,4,24,0,28,0,7,1,v Zimbabwe,Harare,144,3,18,8,141,2,1,13/06/10,140,5,20,7,NA,0,0,0,0,0,1,0
27,A Nehra,4,24,0,22,2,5.5,2,v South Africa,Durban,168,6,20,8.4,NA,1,1,09/01/11,147,9,20,7.35,169,1,1,0,0,1,2,3
27,MM Patel,2,12,0,26,1,13,2,v South Africa,Durban,168,6,20,8.4,NA,1,1,09/01/11,147,9,20,7.35,169,0,0,0,0,0,2,3
27,P Kumar,3,18,0,17,1,5.66,2,v South Africa,Durban,168,6,20,8.4,NA,1,1,09/01/11,147,9,20,7.35,169,1,1,0,0,1,2,3
27,R Ashwin,4,24,0,33,1,8.25,2,v South Africa,Durban,168,6,20,8.4,NA,1,1,09/01/11,147,9,20,7.35,169,0,0,0,0,0,2,3
27,YK Pathan,3,18,0,22,2,7.33,2,v South Africa,Durban,168,6,20,8.4,NA,1,1,09/01/11,147,9,20,7.35,169,1,1,0,0,1,2,3
27,Yuvraj Singh,4,24,0,20,1,5,2,v South Africa,Durban,168,6,20,8.4,NA,1,1,09/01/11,147,9,20,7.35,169,0,0,0,0,0,2,3
28,Harbhajan Singh,4,24,0,25,2,6.25,2,v West Indies,Port of Spain,159,6,20,7.95,NA,1,1,04/06/11,143,5,20,7.15,160,0,0,0,0,0,2,0
28,MM Patel,4,24,0,35,1,8.75,2,v West Indies,Port of Spain,159,6,20,7.95,NA,1,1,04/06/11,143,5,20,7.15,160,0,0,0,0,0,2,0
28,P Kumar,4,24,1,27,1,6.75,2,v West Indies,Port of Spain,159,6,20,7.95,NA,1,1,04/06/11,143,5,20,7.15,160,0,0,0,0,0,2,0
28,R Ashwin,4,24,0,30,1,7.5,2,v West Indies,Port of Spain,159,6,20,7.95,NA,1,1,04/06/11,143,5,20,7.15,160,0,0,0,0,0,2,0
28,YK Pathan,4,24,0,22,0,5.5,2,v West Indies,Port of Spain,159,6,20,7.95,NA,1,1,04/06/11,143,5,20,7.15,160,0,0,0,0,0,2,0
29,MM Patel,4,24,0,25,2,6.25,2,v England,Manchester,165,10,19.4,8.38,NA,1,0,31/08/11,169,4,19.3,8.66,166,0,0,0,0,0,2,1
29,P Kumar,4,24,0,27,1,6.75,2,v England,Manchester,165,10,19.4,8.38,NA,1,0,31/08/11,169,4,19.3,8.66,166,0,0,0,0,0,2,1
29,R Ashwin,4,24,0,37,0,9.25,2,v England,Manchester,165,10,19.4,8.38,NA,1,0,31/08/11,169,4,19.3,8.66,166,0,0,0,0,0,2,1
29,R Vinay Kumar,3.3,21,0,35,0,10,2,v England,Manchester,165,10,19.4,8.38,NA,1,0,31/08/11,169,4,19.3,8.66,166,0,0,0,0,0,2,1
29,RG Sharma,1,6,0,16,0,16,2,v England,Manchester,165,10,19.4,8.38,NA,1,0,31/08/11,169,4,19.3,8.66,166,1,1,0,0,1,2,1
29,V Kohli,3,18,0,22,1,7.33,2,v England,Manchester,165,10,19.4,8.38,NA,1,0,31/08/11,169,4,19.3,8.66,166,0,0,0,0,0,2,1
30,P Kumar,1,6,0,13,0,13,2,v England,Kolkata,120,9,20,6,NA,1,0,29/10/11,121,4,18.4,6.48,121,0,0,0,0,0,2,0
30,R Ashwin,4,24,0,20,0,5,2,v England,Kolkata,120,9,20,6,NA,1,0,29/10/11,121,4,18.4,6.48,121,0,0,0,0,0,2,0
30,R Vinay Kumar,2,12,0,19,0,9.5,2,v England,Kolkata,120,9,20,6,NA,1,0,29/10/11,121,4,18.4,6.48,121,0,0,0,0,0,2,0
30,RA Jadeja,4,24,1,9,1,2.25,2,v England,Kolkata,120,9,20,6,NA,1,0,29/10/11,121,4,18.4,6.48,121,0,0,0,0,0,2,0
30,SK Raina,2,12,0,9,1,4.5,2,v England,Kolkata,120,9,20,6,NA,1,0,29/10/11,121,4,18.4,6.48,121,0,0,0,0,0,2,0
30,V Kohli,2.4,16,0,13,1,4.87,2,v England,Kolkata,120,9,20,6,NA,1,0,29/10/11,121,4,18.4,6.48,121,0,0,0,0,0,2,0
30,YK Pathan,3,18,0,34,1,11.33,2,v England,Kolkata,120,9,20,6,NA,1,0,29/10/11,121,4,18.4,6.48,121,0,0,0,0,0,2,0
31,P Kumar,3,18,0,34,0,11.33,1,v Australia,Sydney,140,6,20,7,172,2,0,01/02/12,171,4,20,8.55,NA,0,0,0,0,0,1,2
31,R Ashwin,4,24,0,34,1,8.5,1,v Australia,Sydney,140,6,20,7,172,2,0,01/02/12,171,4,20,8.55,NA,0,0,0,0,0,1,2
31,R Sharma,3.4,22,0,27,1,7.36,1,v Australia,Sydney,140,6,20,7,172,2,0,01/02/12,171,4,20,8.55,NA,0,0,0,0,0,1,2
31,R Vinay Kumar,4,24,0,28,1,7,1,v Australia,Sydney,140,6,20,7,172,2,0,01/02/12,171,4,20,8.55,NA,0,0,0,0,0,1,2
31,RA Jadeja,2,12,0,23,0,11.5,1,v Australia,Sydney,140,6,20,7,172,2,0,01/02/12,171,4,20,8.55,NA,0,0,0,0,0,1,2
31,RG Sharma,0.2,2,0,2,0,6,1,v Australia,Sydney,140,6,20,7,172,2,0,01/02/12,171,4,20,8.55,NA,0,0,0,0,0,1,2
31,SK Raina,3,18,0,22,1,7.33,1,v Australia,Sydney,140,6,20,7,172,2,0,01/02/12,171,4,20,8.55,NA,2,2,0,0,2,1,2
32,P Kumar,3,18,0,21,2,7,1,v Australia,Melbourne,135,2,19.4,6.86,132,2,1,03/02/12,131,10,19.4,6.66,NA,0,0,0,0,0,1,1
32,R Ashwin,4,24,0,23,0,5.75,1,v Australia,Melbourne,135,2,19.4,6.86,132,2,1,03/02/12,131,10,19.4,6.66,NA,0,0,0,0,0,1,1
32,R Sharma,3.4,22,0,29,2,7.9,1,v Australia,Melbourne,135,2,19.4,6.86,132,2,1,03/02/12,131,10,19.4,6.66,NA,0,0,0,0,0,1,1
32,R Vinay Kumar,4,24,0,25,1,6.25,1,v Australia,Melbourne,135,2,19.4,6.86,132,2,1,03/02/12,131,10,19.4,6.66,NA,0,0,0,0,0,1,1
32,RA Jadeja,3,18,0,16,1,5.33,1,v Australia,Melbourne,135,2,19.4,6.86,132,2,1,03/02/12,131,10,19.4,6.66,NA,1,1,0,0,1,1,1
32,SK Raina,1,6,0,10,0,10,1,v Australia,Melbourne,135,2,19.4,6.86,132,2,1,03/02/12,131,10,19.4,6.66,NA,0,0,0,0,0,1,1
32,V Kohli,1,6,0,7,0,7,1,v Australia,Melbourne,135,2,19.4,6.86,132,2,1,03/02/12,131,10,19.4,6.66,NA,0,0,0,0,0,1,1
33,IK Pathan,4,24,0,44,1,11,1,v South Africa,Johannesburg,71,0,7.5,9.06,83,2,0,30/03/12,219,4,20,10.95,NA,0,0,0,0,0,1,3
33,P Kumar,2,12,0,22,0,11,1,v South Africa,Johannesburg,71,0,7.5,9.06,83,2,0,30/03/12,219,4,20,10.95,NA,0,0,0,0,0,1,3
33,R Ashwin,4,24,0,33,1,8.25,1,v South Africa,Johannesburg,71,0,7.5,9.06,83,2,0,30/03/12,219,4,20,10.95,NA,0,0,0,0,0,1,3
33,R Vinay Kumar,3,18,0,32,0,10.66,1,v South Africa,Johannesburg,71,0,7.5,9.06,83,2,0,30/03/12,219,4,20,10.95,NA,0,0,0,0,0,1,3
33,RG Sharma,1,6,0,14,0,14,1,v South Africa,Johannesburg,71,0,7.5,9.06,83,2,0,30/03/12,219,4,20,10.95,NA,3,3,0,0,3,1,3
33,SK Raina,4,24,0,49,2,12.25,1,v South Africa,Johannesburg,71,0,7.5,9.06,83,2,0,30/03/12,219,4,20,10.95,NA,0,0,0,0,0,1,3
33,V Kohli,1,6,0,15,0,15,1,v South Africa,Johannesburg,71,0,7.5,9.06,83,2,0,30/03/12,219,4,20,10.95,NA,0,0,0,0,0,1,3
33,YK Pathan,1,6,0,9,0,9,1,v South Africa,Johannesburg,71,0,7.5,9.06,83,2,0,30/03/12,219,4,20,10.95,NA,0,0,0,0,0,1,3
34,AB Dinda,3,18,1,19,4,6.33,2,v Sri Lanka,Pallekele,155,3,20,7.75,NA,1,1,07/08/12,116,10,18,6.44,156,0,0,0,0,0,2,2
34,IK Pathan,4,24,0,27,3,6.75,2,v Sri Lanka,Pallekele,155,3,20,7.75,NA,1,1,07/08/12,116,10,18,6.44,156,0,0,0,0,0,2,2
34,R Ashwin,4,24,0,22,1,5.5,2,v Sri Lanka,Pallekele,155,3,20,7.75,NA,1,1,07/08/12,116,10,18,6.44,156,1,1,0,0,1,2,2
34,RG Sharma,1,6,0,9,0,9,2,v Sri Lanka,Pallekele,155,3,20,7.75,NA,1,1,07/08/12,116,10,18,6.44,156,0,0,0,0,0,2,2
34,UT Yadav,3,18,0,24,1,8,2,v Sri Lanka,Pallekele,155,3,20,7.75,NA,1,1,07/08/12,116,10,18,6.44,156,0,0,0,0,0,2,2
34,V Kohli,3,18,0,13,0,4.33,2,v Sri Lanka,Pallekele,155,3,20,7.75,NA,1,1,07/08/12,116,10,18,6.44,156,1,1,0,0,1,2,2
35,IK Pathan,4,24,0,31,3,7.75,1,v New Zealand,Chennai,166,4,20,8.3,168,2,0,11/09/12,167,5,20,8.35,NA,0,0,0,0,0,1,2
35,L Balaji,4,24,0,33,1,8.25,1,v New Zealand,Chennai,166,4,20,8.3,168,2,0,11/09/12,167,5,20,8.35,NA,0,0,0,0,0,1,2
35,R Ashwin,3,18,0,34,0,11.33,1,v New Zealand,Chennai,166,4,20,8.3,168,2,0,11/09/12,167,5,20,8.35,NA,1,1,0,0,1,1,2
35,V Kohli,3,18,0,27,0,9,1,v New Zealand,Chennai,166,4,20,8.3,168,2,0,11/09/12,167,5,20,8.35,NA,0,0,0,0,0,1,2
35,Yuvraj Singh,2,12,0,14,0,7,1,v New Zealand,Chennai,166,4,20,8.3,168,2,0,11/09/12,167,5,20,8.35,NA,1,1,0,0,1,1,2
35,Z Khan,4,24,0,27,1,6.75,1,v New Zealand,Chennai,166,4,20,8.3,168,2,0,11/09/12,167,5,20,8.35,NA,0,0,0,0,0,1,2
36,IK Pathan,4,24,0,29,1,7.25,2,v Afghanistan,Colombo (RPS),159,5,20,7.95,NA,1,1,19/09/12,136,10,19.3,6.97,160,0,0,0,0,0,2,3
36,L Balaji,3.3,21,0,19,3,5.42,2,v Afghanistan,Colombo (RPS),159,5,20,7.95,NA,1,1,19/09/12,136,10,19.3,6.97,160,0,0,0,0,0,2,3
36,R Ashwin,4,24,0,20,2,5,2,v Afghanistan,Colombo (RPS),159,5,20,7.95,NA,1,1,19/09/12,136,10,19.3,6.97,160,1,1,0,0,1,2,3
36,RG Sharma,1,6,0,10,0,10,2,v Afghanistan,Colombo (RPS),159,5,20,7.95,NA,1,1,19/09/12,136,10,19.3,6.97,160,1,1,0,0,1,2,3
36,Yuvraj Singh,4,24,0,24,3,6,2,v Afghanistan,Colombo (RPS),159,5,20,7.95,NA,1,1,19/09/12,136,10,19.3,6.97,160,1,1,0,0,1,2,3
36,Z Khan,3,18,0,32,0,10.66,2,v Afghanistan,Colombo (RPS),159,5,20,7.95,NA,1,1,19/09/12,136,10,19.3,6.97,160,0,0,0,0,0,2,3
37,AB Dinda,2,12,0,26,1,13,2,v England,Colombo (RPS),170,4,20,8.5,NA,1,1,23/09/12,80,10,14.4,5.45,171,0,0,0,0,0,2,0
37,Harbhajan Singh,4,24,2,12,4,3,2,v England,Colombo (RPS),170,4,20,8.5,NA,1,1,23/09/12,80,10,14.4,5.45,171,0,0,0,0,0,2,0
37,IK Pathan,3,18,0,17,2,5.66,2,v England,Colombo (RPS),170,4,20,8.5,NA,1,1,23/09/12,80,10,14.4,5.45,171,0,0,0,0,0,2,0
37,L Balaji,1,6,0,10,0,10,2,v England,Colombo (RPS),170,4,20,8.5,NA,1,1,23/09/12,80,10,14.4,5.45,171,0,0,0,0,0,2,0
37,PP Chawla,4,24,1,13,2,3.25,2,v England,Colombo (RPS),170,4,20,8.5,NA,1,1,23/09/12,80,10,14.4,5.45,171,0,0,0,0,0,2,0
37,Yuvraj Singh,0.4,4,0,2,0,3,2,v England,Colombo (RPS),170,4,20,8.5,NA,1,1,23/09/12,80,10,14.4,5.45,171,0,0,0,0,0,2,0
38,Harbhajan Singh,2,12,0,20,0,10,2,v Australia,Colombo (RPS),140,7,20,7,NA,1,0,28/09/12,141,1,14.5,9.5,141,0,0,0,0,0,2,0
38,IK Pathan,1,6,0,19,0,19,2,v Australia,Colombo (RPS),140,7,20,7,NA,1,0,28/09/12,141,1,14.5,9.5,141,0,0,0,0,0,2,0
38,PP Chawla,1,6,0,14,0,14,2,v Australia,Colombo (RPS),140,7,20,7,NA,1,0,28/09/12,141,1,14.5,9.5,141,0,0,0,0,0,2,0
38,R Ashwin,3.5,23,0,32,0,8.34,2,v Australia,Colombo (RPS),140,7,20,7,NA,1,0,28/09/12,141,1,14.5,9.5,141,0,0,0,0,0,2,0
38,RG Sharma,1,6,0,12,0,12,2,v Australia,Colombo (RPS),140,7,20,7,NA,1,0,28/09/12,141,1,14.5,9.5,141,0,0,0,0,0,2,0
38,V Kohli,1,6,0,10,0,10,2,v Australia,Colombo (RPS),140,7,20,7,NA,1,0,28/09/12,141,1,14.5,9.5,141,0,0,0,0,0,2,0
38,Yuvraj Singh,2,12,0,16,1,8,2,v Australia,Colombo (RPS),140,7,20,7,NA,1,0,28/09/12,141,1,14.5,9.5,141,0,0,0,0,0,2,0
38,Z Khan,3,18,0,18,0,6,2,v Australia,Colombo (RPS),140,7,20,7,NA,1,0,28/09/12,141,1,14.5,9.5,141,0,0,0,0,0,2,0
39,IK Pathan,3,18,0,30,1,10,1,v Pakistan,Colombo (RPS),129,2,17,7.58,129,2,1,30/09/12,128,10,19.4,6.5,NA,0,0,0,0,0,1,0
39,L Balaji,3.4,22,0,22,3,6,1,v Pakistan,Colombo (RPS),129,2,17,7.58,129,2,1,30/09/12,128,10,19.4,6.5,NA,0,0,0,0,0,1,0
39,R Ashwin,4,24,0,16,2,4,1,v Pakistan,Colombo (RPS),129,2,17,7.58,129,2,1,30/09/12,128,10,19.4,6.5,NA,0,0,0,0,0,1,0
39,V Kohli,3,18,0,21,1,7,1,v Pakistan,Colombo (RPS),129,2,17,7.58,129,2,1,30/09/12,128,10,19.4,6.5,NA,0,0,0,0,0,1,0
39,Yuvraj Singh,3,18,0,16,2,5.33,1,v Pakistan,Colombo (RPS),129,2,17,7.58,129,2,1,30/09/12,128,10,19.4,6.5,NA,0,0,0,0,0,1,0
39,Z Khan,3,18,0,22,0,7.33,1,v Pakistan,Colombo (RPS),129,2,17,7.58,129,2,1,30/09/12,128,10,19.4,6.5,NA,0,0,0,0,0,1,0
40,IK Pathan,3,18,0,26,1,8.66,2,v South Africa,Colombo (RPS),152,6,20,7.6,NA,1,1,02/10/12,151,10,19.5,7.61,153,0,0,0,0,0,2,1
40,L Balaji,3.5,23,0,37,3,9.65,2,v South Africa,Colombo (RPS),152,6,20,7.6,NA,1,1,02/10/12,151,10,19.5,7.61,153,0,0,0,0,0,2,1
40,R Ashwin,4,24,0,27,1,6.75,2,v South Africa,Colombo (RPS),152,6,20,7.6,NA,1,1,02/10/12,151,10,19.5,7.61,153,0,0,0,0,0,2,1
40,RG Sharma,1,6,0,13,0,13,2,v South Africa,Colombo (RPS),152,6,20,7.6,NA,1,1,02/10/12,151,10,19.5,7.61,153,1,1,0,0,1,2,1
40,Yuvraj Singh,4,24,0,23,2,5.75,2,v South Africa,Colombo (RPS),152,6,20,7.6,NA,1,1,02/10/12,151,10,19.5,7.61,153,0,0,0,0,0,2,1
40,Z Khan,4,24,0,22,3,5.5,2,v South Africa,Colombo (RPS),152,6,20,7.6,NA,1,1,02/10/12,151,10,19.5,7.61,153,0,0,0,0,0,2,1
41,AB Dinda,3,18,0,18,2,6,1,v England,Pune,158,5,17.5,8.85,158,2,1,20/12/12,157,6,20,7.85,NA,0,0,0,0,0,1,1
41,P Awana,2,12,0,29,0,14.5,1,v England,Pune,158,5,17.5,8.85,158,2,1,20/12/12,157,6,20,7.85,NA,0,0,0,0,0,1,1
41,PP Chawla,3,18,0,24,0,8,1,v England,Pune,158,5,17.5,8.85,158,2,1,20/12/12,157,6,20,7.85,NA,0,0,0,0,0,1,1
41,R Ashwin,4,24,1,33,1,8.25,1,v England,Pune,158,5,17.5,8.85,158,2,1,20/12/12,157,6,20,7.85,NA,0,0,0,0,0,1,1
41,RA Jadeja,3,18,0,22,0,7.33,1,v England,Pune,158,5,17.5,8.85,158,2,1,20/12/12,157,6,20,7.85,NA,0,0,0,0,0,1,1
41,V Kohli,1,6,0,10,0,10,1,v England,Pune,158,5,17.5,8.85,158,2,1,20/12/12,157,6,20,7.85,NA,1,1,0,0,1,1,1
41,Yuvraj Singh,4,24,0,19,3,4.75,1,v England,Pune,158,5,17.5,8.85,158,2,1,20/12/12,157,6,20,7.85,NA,0,0,0,0,0,1,1
42,AB Dinda,4,24,0,44,1,11,2,v England,Mumbai,177,8,20,8.85,NA,1,0,22/12/12,181,4,20,9.05,178,1,1,0,0,1,2,1
42,P Awana,4,24,0,42,0,10.5,2,v England,Mumbai,177,8,20,8.85,NA,1,0,22/12/12,181,4,20,9.05,178,0,0,0,0,0,2,1
42,PP Chawla,4,24,0,31,0,7.75,2,v England,Mumbai,177,8,20,8.85,NA,1,0,22/12/12,181,4,20,9.05,178,0,0,0,0,0,2,1
42,R Ashwin,4,24,0,38,0,9.5,2,v England,Mumbai,177,8,20,8.85,NA,1,0,22/12/12,181,4,20,9.05,178,0,0,0,0,0,2,1
42,Yuvraj Singh,4,24,0,17,3,4.25,2,v England,Mumbai,177,8,20,8.85,NA,1,0,22/12/12,181,4,20,9.05,178,0,0,0,0,0,2,1
43,AB Dinda,4,24,0,26,1,6.5,2,v Pakistan,Bangalore,133,9,20,6.65,NA,1,0,25/12/12,134,5,19.4,6.81,134,0,0,0,0,0,2,2
43,B Kumar,4,24,0,9,3,2.25,2,v Pakistan,Bangalore,133,9,20,6.65,NA,1,0,25/12/12,134,5,19.4,6.81,134,1,1,0,0,1,2,2
43,I Sharma,4,24,0,23,1,5.75,2,v Pakistan,Bangalore,133,9,20,6.65,NA,1,0,25/12/12,134,5,19.4,6.81,134,1,1,0,0,1,2,2
43,RA Jadeja,2.4,16,0,29,0,10.87,2,v Pakistan,Bangalore,133,9,20,6.65,NA,1,0,25/12/12,134,5,19.4,6.81,134,0,0,0,0,0,2,2
43,V Kohli,2,12,0,21,0,10.5,2,v Pakistan,Bangalore,133,9,20,6.65,NA,1,0,25/12/12,134,5,19.4,6.81,134,0,0,0,0,0,2,2
43,Yuvraj Singh,3,18,0,25,0,8.33,2,v Pakistan,Bangalore,133,9,20,6.65,NA,1,0,25/12/12,134,5,19.4,6.81,134,0,0,0,0,0,2,2
44,AB Dinda,4,24,0,36,3,9,2,v Pakistan,Ahmedabad,192,5,20,9.6,NA,1,1,28/12/12,181,7,20,9.05,193,0,0,0,0,0,2,1
44,B Kumar,4,24,0,46,1,11.5,2,v Pakistan,Ahmedabad,192,5,20,9.6,NA,1,1,28/12/12,181,7,20,9.05,193,0,0,0,0,0,2,1
44,I Sharma,4,24,0,34,1,8.5,2,v Pakistan,Ahmedabad,192,5,20,9.6,NA,1,1,28/12/12,181,7,20,9.05,193,0,0,0,0,0,2,1
44,R Ashwin,4,24,0,28,1,7,2,v Pakistan,Ahmedabad,192,5,20,9.6,NA,1,1,28/12/12,181,7,20,9.05,193,0,0,0,0,0,2,1
44,SK Raina,2,12,0,12,0,6,2,v Pakistan,Ahmedabad,192,5,20,9.6,NA,1,1,28/12/12,181,7,20,9.05,193,1,1,0,0,1,2,1
44,Yuvraj Singh,2,12,0,23,1,11.5,2,v Pakistan,Ahmedabad,192,5,20,9.6,NA,1,1,28/12/12,181,7,20,9.05,193,0,0,0,0,0,2,1
45,B Kumar,4,24,0,35,3,8.75,1,v Australia,Rajkot,202,4,19.4,10.27,202,2,1,10/10/13,201,7,20,10.05,NA,0,0,0,0,0,1,3
45,I Sharma,4,24,0,52,0,13,1,v Australia,Rajkot,202,4,19.4,10.27,202,2,1,10/10/13,201,7,20,10.05,NA,1,1,0,0,1,1,3
45,R Ashwin,2,12,0,41,0,20.5,1,v Australia,Rajkot,202,4,19.4,10.27,202,2,1,10/10/13,201,7,20,10.05,NA,0,0,0,0,0,1,3
45,R Vinay Kumar,4,24,0,26,3,6.5,1,v Australia,Rajkot,202,4,19.4,10.27,202,2,1,10/10/13,201,7,20,10.05,NA,1,1,0,0,1,1,3
45,RA Jadeja,4,24,0,23,1,5.75,1,v Australia,Rajkot,202,4,19.4,10.27,202,2,1,10/10/13,201,7,20,10.05,NA,1,1,0,0,1,1,3
45,V Kohli,2,12,0,24,0,12,1,v Australia,Rajkot,202,4,19.4,10.27,202,2,1,10/10/13,201,7,20,10.05,NA,0,0,0,0,0,1,3
46,A Mishra,4,24,1,22,2,5.5,1,v Pakistan,Dhaka,131,3,18.3,7.08,131,2,1,21/03/14,130,7,20,6.5,NA,0,0,0,0,0,1,1
46,B Kumar,3,18,0,21,1,7,1,v Pakistan,Dhaka,131,3,18.3,7.08,131,2,1,21/03/14,130,7,20,6.5,NA,1,1,0,0,1,1,1
46,Mohammed Shami,4,24,0,31,1,7.75,1,v Pakistan,Dhaka,131,3,18.3,7.08,131,2,1,21/03/14,130,7,20,6.5,NA,0,0,0,0,0,1,1
46,R Ashwin,4,24,0,23,0,5.75,1,v Pakistan,Dhaka,131,3,18.3,7.08,131,2,1,21/03/14,130,7,20,6.5,NA,0,0,0,0,0,1,1
46,RA Jadeja,4,24,0,18,1,4.5,1,v Pakistan,Dhaka,131,3,18.3,7.08,131,2,1,21/03/14,130,7,20,6.5,NA,0,0,0,0,0,1,1
46,Yuvraj Singh,1,6,0,13,0,13,1,v Pakistan,Dhaka,131,3,18.3,7.08,131,2,1,21/03/14,130,7,20,6.5,NA,0,0,0,0,0,1,1
47,A Mishra,4,24,0,18,2,4.5,1,v West Indies,Dhaka,130,3,19.4,6.61,130,2,1,23/03/14,129,7,20,6.45,NA,0,0,0,0,0,1,1
47,B Kumar,3,18,0,3,0,1,1,v West Indies,Dhaka,130,3,19.4,6.61,130,2,1,23/03/14,129,7,20,6.45,NA,0,0,0,0,0,1,1
47,Mohammed Shami,3,18,0,27,0,9,1,v West Indies,Dhaka,130,3,19.4,6.61,130,2,1,23/03/14,129,7,20,6.45,NA,0,0,0,0,0,1,1
47,R Ashwin,4,24,0,24,1,6,1,v West Indies,Dhaka,130,3,19.4,6.61,130,2,1,23/03/14,129,7,20,6.45,NA,1,1,0,0,1,1,1
47,RA Jadeja,4,24,0,48,3,12,1,v West Indies,Dhaka,130,3,19.4,6.61,130,2,1,23/03/14,129,7,20,6.45,NA,0,0,0,0,0,1,1
47,SK Raina,2,12,0,8,0,4,1,v West Indies,Dhaka,130,3,19.4,6.61,130,2,1,23/03/14,129,7,20,6.45,NA,0,0,0,0,0,1,1
48,A Mishra,4,24,0,26,3,6.5,1,v Bangladesh,Dhaka,141,2,18.3,7.62,139,2,1,28/03/14,138,7,20,6.9,NA,0,0,0,0,0,1,2
48,B Kumar,3,18,0,21,1,7,1,v Bangladesh,Dhaka,141,2,18.3,7.62,139,2,1,28/03/14,138,7,20,6.9,NA,0,0,0,0,0,1,2
48,Mohammed Shami,3,18,0,29,1,9.66,1,v Bangladesh,Dhaka,141,2,18.3,7.62,139,2,1,28/03/14,138,7,20,6.9,NA,0,0,0,0,0,1,2
48,R Ashwin,4,24,0,15,2,3.75,1,v Bangladesh,Dhaka,141,2,18.3,7.62,139,2,1,28/03/14,138,7,20,6.9,NA,0,0,0,0,0,1,2
48,RA Jadeja,4,24,0,30,0,7.5,1,v Bangladesh,Dhaka,141,2,18.3,7.62,139,2,1,28/03/14,138,7,20,6.9,NA,1,1,0,0,1,1,2
48,SK Raina,2,12,0,11,0,5.5,1,v Bangladesh,Dhaka,141,2,18.3,7.62,139,2,1,28/03/14,138,7,20,6.9,NA,1,1,0,0,1,1,2
49,A Mishra,3,18,0,13,2,4.33,2,v Australia,Dhaka,159,7,20,7.95,NA,1,1,30/03/14,86,10,16.2,5.26,160,0,0,0,0,0,2,2
49,B Kumar,3,18,0,7,1,2.33,2,v Australia,Dhaka,159,7,20,7.95,NA,1,1,30/03/14,86,10,16.2,5.26,160,0,0,0,0,0,2,2
49,MM Sharma,2,12,0,11,1,5.5,2,v Australia,Dhaka,159,7,20,7.95,NA,1,1,30/03/14,86,10,16.2,5.26,160,0,0,0,0,0,2,2
49,R Ashwin,3.2,20,0,11,4,3.3,2,v Australia,Dhaka,159,7,20,7.95,NA,1,1,30/03/14,86,10,16.2,5.26,160,0,0,0,0,0,2,2
49,RA Jadeja,4,24,0,25,1,6.25,2,v Australia,Dhaka,159,7,20,7.95,NA,1,1,30/03/14,86,10,16.2,5.26,160,2,2,0,0,2,2,2
49,SK Raina,1,6,0,16,0,16,2,v Australia,Dhaka,159,7,20,7.95,NA,1,1,30/03/14,86,10,16.2,5.26,160,0,0,0,0,0,2,2
50,A Mishra,3,18,0,36,0,12,1,v South Africa,Dhaka,176,4,19.1,9.18,173,2,1,04/04/14,172,4,20,8.6,NA,0,0,0,0,0,1,0
50,B Kumar,4,24,0,33,1,8.25,1,v South Africa,Dhaka,176,4,19.1,9.18,173,2,1,04/04/14,172,4,20,8.6,NA,0,0,0,0,0,1,0
50,MM Sharma,3,18,0,34,0,11.33,1,v South Africa,Dhaka,176,4,19.1,9.18,173,2,1,04/04/14,172,4,20,8.6,NA,0,0,0,0,0,1,0
50,R Ashwin,4,24,0,22,3,5.5,1,v South Africa,Dhaka,176,4,19.1,9.18,173,2,1,04/04/14,172,4,20,8.6,NA,0,0,0,0,0,1,0
50,RA Jadeja,2,12,0,8,0,4,1,v South Africa,Dhaka,176,4,19.1,9.18,173,2,1,04/04/14,172,4,20,8.6,NA,0,0,0,0,0,1,0
50,SK Raina,4,24,0,35,0,8.75,1,v South Africa,Dhaka,176,4,19.1,9.18,173,2,1,04/04/14,172,4,20,8.6,NA,0,0,0,0,0,1,0
51,A Mishra,4,24,0,32,1,8,2,v Sri Lanka,Dhaka,130,4,20,6.5,NA,1,0,06/04/14,134,4,17.5,7.51,131,0,0,0,0,0,2,2
51,B Kumar,3,18,0,18,0,6,2,v Sri Lanka,Dhaka,130,4,20,6.5,NA,1,0,06/04/14,134,4,17.5,7.51,131,0,0,0,0,0,2,2
51,MM Sharma,2,12,0,18,1,9,2,v Sri Lanka,Dhaka,130,4,20,6.5,NA,1,0,06/04/14,134,4,17.5,7.51,131,0,0,0,0,0,2,2
51,R Ashwin,3.5,23,0,29,1,7.56,2,v Sri Lanka,Dhaka,130,4,20,6.5,NA,1,0,06/04/14,134,4,17.5,7.51,131,1,1,0,0,1,2,2
51,RA Jadeja,1,6,0,11,0,11,2,v Sri Lanka,Dhaka,130,4,20,6.5,NA,1,0,06/04/14,134,4,17.5,7.51,131,1,1,0,0,1,2,2
51,SK Raina,4,24,0,24,1,6,2,v Sri Lanka,Dhaka,130,4,20,6.5,NA,1,0,06/04/14,134,4,17.5,7.51,131,0,0,0,0,0,2,2
52,KV Sharma,4,24,0,28,1,7,1,v England,Birmingham,177,5,20,8.85,181,2,0,07/09/14,180,7,20,9,NA,0,0,0,0,0,1,0
52,MM Sharma,4,24,0,39,1,9.75,1,v England,Birmingham,177,5,20,8.85,181,2,0,07/09/14,180,7,20,9,NA,0,0,0,0,0,1,0
52,Mohammed Shami,4,24,0,38,3,9.5,1,v England,Birmingham,177,5,20,8.85,181,2,0,07/09/14,180,7,20,9,NA,0,0,0,0,0,1,0
52,R Ashwin,4,24,0,37,0,9.25,1,v England,Birmingham,177,5,20,8.85,181,2,0,07/09/14,180,7,20,9,NA,0,0,0,0,0,1,0
52,RA Jadeja,4,24,0,35,1,8.75,1,v England,Birmingham,177,5,20,8.85,181,2,0,07/09/14,180,7,20,9,NA,0,0,0,0,0,1,0
53,AR Patel,4,24,0,17,3,4.25,2,v Zimbabwe,Harare,178,5,20,8.9,NA,1,1,17/07/15,124,7,20,6.2,179,0,0,0,0,0,2,0
53,B Kumar,4,24,0,22,0,5.5,2,v Zimbabwe,Harare,178,5,20,8.9,NA,1,1,17/07/15,124,7,20,6.2,179,0,0,0,0,0,2,0
53,Harbhajan Singh,4,24,0,29,2,7.25,2,v Zimbabwe,Harare,178,5,20,8.9,NA,1,1,17/07/15,124,7,20,6.2,179,0,0,0,0,0,2,0
53,MM Sharma,3,18,0,8,1,2.66,2,v Zimbabwe,Harare,178,5,20,8.9,NA,1,1,17/07/15,124,7,20,6.2,179,0,0,0,0,0,2,0
53,Sandeep Sharma,3,18,0,34,0,11.33,2,v Zimbabwe,Harare,178,5,20,8.9,NA,1,1,17/07/15,124,7,20,6.2,179,0,0,0,0,0,2,0
53,STR Binny,2,12,0,8,0,4,2,v Zimbabwe,Harare,178,5,20,8.9,NA,1,1,17/07/15,124,7,20,6.2,179,0,0,0,0,0,2,0
54,AR Patel,4,24,0,23,1,5.75,1,v Zimbabwe,Harare,135,9,20,6.75,146,2,0,19/07/15,145,7,20,7.25,NA,2,2,0,0,2,1,2
54,B Kumar,4,24,0,26,2,6.5,1,v Zimbabwe,Harare,135,9,20,6.75,146,2,0,19/07/15,145,7,20,7.25,NA,0,0,0,0,0,1,2
54,M Vijay,2,12,0,9,0,4.5,1,v Zimbabwe,Harare,135,9,20,6.75,146,2,0,19/07/15,145,7,20,7.25,NA,0,0,0,0,0,1,2
54,MM Sharma,4,24,0,28,2,7,1,v Zimbabwe,Harare,135,9,20,6.75,146,2,0,19/07/15,145,7,20,7.25,NA,0,0,0,0,0,1,2
54,Sandeep Sharma,4,24,0,39,1,9.75,1,v Zimbabwe,Harare,135,9,20,6.75,146,2,0,19/07/15,145,7,20,7.25,NA,0,0,0,0,0,1,2
54,STR Binny,2,12,0,14,1,7,1,v Zimbabwe,Harare,135,9,20,6.75,146,2,0,19/07/15,145,7,20,7.25,NA,0,0,0,0,0,1,2
55,AR Patel,4,24,0,45,0,11.25,2,v South Africa,Dharamsala,199,5,20,9.95,NA,1,0,02/10/15,200,3,19.4,10.16,200,0,0,0,0,0,2,0
55,B Kumar,4,24,0,40,0,10,2,v South Africa,Dharamsala,199,5,20,9.95,NA,1,0,02/10/15,200,3,19.4,10.16,200,0,0,0,0,0,2,0
55,MM Sharma,4,24,0,40,0,10,2,v South Africa,Dharamsala,199,5,20,9.95,NA,1,0,02/10/15,200,3,19.4,10.16,200,0,0,0,0,0,2,0
55,R Ashwin,4,24,0,26,1,6.5,2,v South Africa,Dharamsala,199,5,20,9.95,NA,1,0,02/10/15,200,3,19.4,10.16,200,0,0,0,0,0,2,0
55,S Aravind,3.4,22,0,44,1,12,2,v South Africa,Dharamsala,199,5,20,9.95,NA,1,0,02/10/15,200,3,19.4,10.16,200,0,0,0,0,0,2,0
56,AR Patel,3,18,0,17,1,5.66,2,v South Africa,Cuttack,92,10,17.2,5.3,NA,1,0,05/10/15,96,4,17.1,5.59,93,0,0,0,0,0,2,1
56,B Kumar,2,12,0,13,0,6.5,2,v South Africa,Cuttack,92,10,17.2,5.3,NA,1,0,05/10/15,96,4,17.1,5.59,93,0,0,0,0,0,2,1
56,Harbhajan Singh,4,24,0,20,0,5,2,v South Africa,Cuttack,92,10,17.2,5.3,NA,1,0,05/10/15,96,4,17.1,5.59,93,0,0,0,0,0,2,1
56,MM Sharma,1,6,0,7,0,7,2,v South Africa,Cuttack,92,10,17.2,5.3,NA,1,0,05/10/15,96,4,17.1,5.59,93,1,1,0,0,1,2,1
56,R Ashwin,4,24,0,24,3,6,2,v South Africa,Cuttack,92,10,17.2,5.3,NA,1,0,05/10/15,96,4,17.1,5.59,93,0,0,0,0,0,2,1
56,SK Raina,3.1,19,0,12,0,3.78,2,v South Africa,Cuttack,92,10,17.2,5.3,NA,1,0,05/10/15,96,4,17.1,5.59,93,0,0,0,0,0,2,1
57,A Nehra,4,24,0,30,1,7.5,2,v Australia,Adelaide,188,3,20,9.4,NA,1,1,26/01/16,151,10,19.3,7.74,189,1,1,0,0,1,2,4
57,HH Pandya,3,18,0,37,2,12.33,2,v Australia,Adelaide,188,3,20,9.4,NA,1,1,26/01/16,151,10,19.3,7.74,189,1,1,0,0,1,2,4
57,JJ Bumrah,3.3,21,0,23,3,6.57,2,v Australia,Adelaide,188,3,20,9.4,NA,1,1,26/01/16,151,10,19.3,7.74,189,0,0,0,0,0,2,4
57,R Ashwin,4,24,0,28,2,7,2,v Australia,Adelaide,188,3,20,9.4,NA,1,1,26/01/16,151,10,19.3,7.74,189,0,0,0,0,0,2,4
57,RA Jadeja,4,24,0,21,2,5.25,2,v Australia,Adelaide,188,3,20,9.4,NA,1,1,26/01/16,151,10,19.3,7.74,189,1,1,0,0,1,2,4
57,Yuvraj Singh,1,6,0,10,0,10,2,v Australia,Adelaide,188,3,20,9.4,NA,1,1,26/01/16,151,10,19.3,7.74,189,1,1,0,0,1,2,4
58,A Nehra,4,24,0,34,0,8.5,2,v Australia,Melbourne,184,3,20,9.2,NA,1,1,29/01/16,157,8,20,7.85,185,0,0,0,0,0,2,2
58,HH Pandya,2,12,0,17,1,8.5,2,v Australia,Melbourne,184,3,20,9.2,NA,1,1,29/01/16,157,8,20,7.85,185,1,1,0,0,1,2,2
58,JJ Bumrah,4,24,0,37,2,9.25,2,v Australia,Melbourne,184,3,20,9.2,NA,1,1,29/01/16,157,8,20,7.85,185,0,0,0,0,0,2,2
58,R Ashwin,4,24,0,27,1,6.75,2,v Australia,Melbourne,184,3,20,9.2,NA,1,1,29/01/16,157,8,20,7.85,185,0,0,0,0,0,2,2
58,RA Jadeja,4,24,0,32,2,8,2,v Australia,Melbourne,184,3,20,9.2,NA,1,1,29/01/16,157,8,20,7.85,185,1,1,0,0,1,2,2
58,Yuvraj Singh,2,12,0,7,1,3.5,2,v Australia,Melbourne,184,3,20,9.2,NA,1,1,29/01/16,157,8,20,7.85,185,0,0,0,0,0,2,2
59,A Nehra,4,24,0,32,1,8,1,v Australia,Sydney,200,3,20,10,198,2,1,31/01/16,197,5,20,9.85,NA,0,0,0,0,0,1,1
59,HH Pandya,2,12,0,24,0,12,1,v Australia,Sydney,200,3,20,10,198,2,1,31/01/16,197,5,20,9.85,NA,0,0,0,0,0,1,1
59,JJ Bumrah,4,24,0,43,1,10.75,1,v Australia,Sydney,200,3,20,10,198,2,1,31/01/16,197,5,20,9.85,NA,0,0,0,0,0,1,1
59,R Ashwin,4,24,0,36,1,9,1,v Australia,Sydney,200,3,20,10,198,2,1,31/01/16,197,5,20,9.85,NA,0,0,0,0,0,1,1
59,RA Jadeja,4,24,0,41,1,10.25,1,v Australia,Sydney,200,3,20,10,198,2,1,31/01/16,197,5,20,9.85,NA,1,1,0,0,1,1,1
59,Yuvraj Singh,2,12,0,19,1,9.5,1,v Australia,Sydney,200,3,20,10,198,2,1,31/01/16,197,5,20,9.85,NA,0,0,0,0,0,1,1
60,A Nehra,3,18,0,21,2,7,2,v Sri Lanka,Pune,101,10,18.5,5.36,NA,1,0,09/02/16,105,5,18,5.83,102,0,0,0,0,0,2,1
60,HH Pandya,3,18,0,18,0,6,2,v Sri Lanka,Pune,101,10,18.5,5.36,NA,1,0,09/02/16,105,5,18,5.83,102,0,0,0,0,0,2,1
60,JJ Bumrah,4,24,1,19,0,4.75,2,v Sri Lanka,Pune,101,10,18.5,5.36,NA,1,0,09/02/16,105,5,18,5.83,102,0,0,0,0,0,2,1
60,R Ashwin,3,18,0,13,2,4.33,2,v Sri Lanka,Pune,101,10,18.5,5.36,NA,1,0,09/02/16,105,5,18,5.83,102,0,0,0,0,0,2,1
60,RA Jadeja,3,18,0,18,0,6,2,v Sri Lanka,Pune,101,10,18.5,5.36,NA,1,0,09/02/16,105,5,18,5.83,102,0,0,0,0,0,2,1
60,SK Raina,2,12,0,13,1,6.5,2,v Sri Lanka,Pune,101,10,18.5,5.36,NA,1,0,09/02/16,105,5,18,5.83,102,1,1,0,0,1,2,1
61,A Nehra,3,18,0,26,2,8.66,2,v Sri Lanka,Ranchi,196,6,20,9.8,NA,1,1,12/02/16,127,9,20,6.35,197,0,0,0,0,0,2,3
61,HH Pandya,1,6,0,5,0,5,2,v Sri Lanka,Ranchi,196,6,20,9.8,NA,1,1,12/02/16,127,9,20,6.35,197,1,1,0,0,1,2,3
61,JJ Bumrah,3,18,0,17,2,5.66,2,v Sri Lanka,Ranchi,196,6,20,9.8,NA,1,1,12/02/16,127,9,20,6.35,197,0,0,0,0,0,2,3
61,R Ashwin,4,24,0,14,3,3.5,2,v Sri Lanka,Ranchi,196,6,20,9.8,NA,1,1,12/02/16,127,9,20,6.35,197,0,0,0,0,0,2,3
61,RA Jadeja,4,24,0,24,2,6,2,v Sri Lanka,Ranchi,196,6,20,9.8,NA,1,1,12/02/16,127,9,20,6.35,197,0,0,0,0,0,2,3
61,SK Raina,2,12,0,22,0,11,2,v Sri Lanka,Ranchi,196,6,20,9.8,NA,1,1,12/02/16,127,9,20,6.35,197,1,1,0,0,1,2,3
61,Yuvraj Singh,3,18,0,19,0,6.33,2,v Sri Lanka,Ranchi,196,6,20,9.8,NA,1,1,12/02/16,127,9,20,6.35,197,1,1,0,0,1,2,3
62,A Nehra,2,12,0,17,1,8.5,1,v Sri Lanka,Visakhapatnam,84,1,13.5,6.07,83,2,1,14/02/16,82,10,18,4.55,NA,0,0,0,0,0,1,3
62,HH Pandya,2,12,0,13,0,6.5,1,v Sri Lanka,Visakhapatnam,84,1,13.5,6.07,83,2,1,14/02/16,82,10,18,4.55,NA,1,1,0,0,1,1,3
62,JJ Bumrah,3,18,0,10,1,3.33,1,v Sri Lanka,Visakhapatnam,84,1,13.5,6.07,83,2,1,14/02/16,82,10,18,4.55,NA,0,0,0,0,0,1,3
62,R Ashwin,4,24,1,8,4,2,1,v Sri Lanka,Visakhapatnam,84,1,13.5,6.07,83,2,1,14/02/16,82,10,18,4.55,NA,0,0,0,0,0,1,3
62,RA Jadeja,4,24,1,11,1,2.75,1,v Sri Lanka,Visakhapatnam,84,1,13.5,6.07,83,2,1,14/02/16,82,10,18,4.55,NA,1,1,0,0,1,1,3
62,SK Raina,2,12,0,6,2,3,1,v Sri Lanka,Visakhapatnam,84,1,13.5,6.07,83,2,1,14/02/16,82,10,18,4.55,NA,1,1,0,0,1,1,3
62,Yuvraj Singh,1,6,0,15,0,15,1,v Sri Lanka,Visakhapatnam,84,1,13.5,6.07,83,2,1,14/02/16,82,10,18,4.55,NA,0,0,0,0,0,1,3
63,A Nehra,4,24,0,23,3,5.75,2,v Bangladesh,Dhaka,166,6,20,8.3,NA,1,1,24/02/16,121,7,20,6.05,167,0,0,0,0,0,2,1
63,HH Pandya,4,24,0,23,1,5.75,2,v Bangladesh,Dhaka,166,6,20,8.3,NA,1,1,24/02/16,121,7,20,6.05,167,0,0,0,0,0,2,1
63,JJ Bumrah,4,24,0,23,1,5.75,2,v Bangladesh,Dhaka,166,6,20,8.3,NA,1,1,24/02/16,121,7,20,6.05,167,0,0,0,0,0,2,1
63,R Ashwin,4,24,0,23,1,5.75,2,v Bangladesh,Dhaka,166,6,20,8.3,NA,1,1,24/02/16,121,7,20,6.05,167,0,0,0,0,0,2,1
63,RA Jadeja,4,24,0,25,0,6.25,2,v Bangladesh,Dhaka,166,6,20,8.3,NA,1,1,24/02/16,121,7,20,6.05,167,1,1,0,0,1,2,1
64,A Nehra,3,18,0,20,1,6.66,1,v Pakistan,Dhaka,85,5,15.3,5.48,84,2,1,27/02/16,83,10,17.3,4.74,NA,0,0,0,0,0,1,0
64,HH Pandya,3.3,21,0,8,3,2.28,1,v Pakistan,Dhaka,85,5,15.3,5.48,84,2,1,27/02/16,83,10,17.3,4.74,NA,0,0,0,0,0,1,0
64,JJ Bumrah,3,18,2,8,1,2.66,1,v Pakistan,Dhaka,85,5,15.3,5.48,84,2,1,27/02/16,83,10,17.3,4.74,NA,0,0,0,0,0,1,0
64,R Ashwin,3,18,0,21,0,7,1,v Pakistan,Dhaka,85,5,15.3,5.48,84,2,1,27/02/16,83,10,17.3,4.74,NA,0,0,0,0,0,1,0
64,RA Jadeja,3,18,0,11,2,3.66,1,v Pakistan,Dhaka,85,5,15.3,5.48,84,2,1,27/02/16,83,10,17.3,4.74,NA,0,0,0,0,0,1,0
64,Yuvraj Singh,2,12,0,11,1,5.5,1,v Pakistan,Dhaka,85,5,15.3,5.48,84,2,1,27/02/16,83,10,17.3,4.74,NA,0,0,0,0,0,1,0
65,A Nehra,4,24,0,23,1,5.75,1,v Sri Lanka,Dhaka,142,5,19.2,7.34,139,2,1,01/03/16,138,9,20,6.9,NA,0,0,0,0,0,1,3
65,HH Pandya,4,24,0,26,2,6.5,1,v Sri Lanka,Dhaka,142,5,19.2,7.34,139,2,1,01/03/16,138,9,20,6.9,NA,1,1,0,0,1,1,3
65,JJ Bumrah,4,24,0,27,2,6.75,1,v Sri Lanka,Dhaka,142,5,19.2,7.34,139,2,1,01/03/16,138,9,20,6.9,NA,0,0,0,0,0,1,3
65,R Ashwin,4,24,0,26,2,6.5,1,v Sri Lanka,Dhaka,142,5,19.2,7.34,139,2,1,01/03/16,138,9,20,6.9,NA,1,1,0,0,1,1,3
65,RA Jadeja,2,12,0,19,0,9.5,1,v Sri Lanka,Dhaka,142,5,19.2,7.34,139,2,1,01/03/16,138,9,20,6.9,NA,0,0,0,0,0,1,3
65,SK Raina,1,6,0,9,0,9,1,v Sri Lanka,Dhaka,142,5,19.2,7.34,139,2,1,01/03/16,138,9,20,6.9,NA,1,1,0,0,1,1,3
65,Yuvraj Singh,1,6,0,3,0,3,1,v Sri Lanka,Dhaka,142,5,19.2,7.34,139,2,1,01/03/16,138,9,20,6.9,NA,0,0,0,0,0,1,3
66,B Kumar,4,24,2,8,2,2,1,v U.A.E.,Dhaka,82,1,10.1,8.06,82,2,1,03/03/16,81,9,20,4.05,NA,1,1,0,0,1,1,5
66,Harbhajan Singh,4,24,1,11,1,2.75,1,v U.A.E.,Dhaka,82,1,10.1,8.06,82,2,1,03/03/16,81,9,20,4.05,NA,1,1,0,0,1,1,5
66,HH Pandya,3,18,1,11,1,3.66,1,v U.A.E.,Dhaka,82,1,10.1,8.06,82,2,1,03/03/16,81,9,20,4.05,NA,1,1,0,0,1,1,5
66,JJ Bumrah,4,24,0,23,1,5.75,1,v U.A.E.,Dhaka,82,1,10.1,8.06,82,2,1,03/03/16,81,9,20,4.05,NA,0,0,0,0,0,1,5
66,P Negi,3,18,0,16,1,5.33,1,v U.A.E.,Dhaka,82,1,10.1,8.06,82,2,1,03/03/16,81,9,20,4.05,NA,2,2,0,0,2,1,5
66,Yuvraj Singh,2,12,0,10,1,5,1,v U.A.E.,Dhaka,82,1,10.1,8.06,82,2,1,03/03/16,81,9,20,4.05,NA,0,0,0,0,0,1,5
67,A Nehra,3,18,0,33,1,11,1,v Bangladesh,Dhaka,122,2,13.5,8.81,121,2,1,06/03/16,120,5,15,8,NA,0,0,0,0,0,1,2
67,HH Pandya,3,18,0,35,0,11.66,1,v Bangladesh,Dhaka,122,2,13.5,8.81,121,2,1,06/03/16,120,5,15,8,NA,1,1,0,0,1,1,2
67,JJ Bumrah,3,18,0,13,1,4.33,1,v Bangladesh,Dhaka,122,2,13.5,8.81,121,2,1,06/03/16,120,5,15,8,NA,1,1,0,0,1,1,2
67,R Ashwin,3,18,0,14,1,4.66,1,v Bangladesh,Dhaka,122,2,13.5,8.81,121,2,1,06/03/16,120,5,15,8,NA,0,0,0,0,0,1,2
67,RA Jadeja,3,18,0,25,1,8.33,1,v Bangladesh,Dhaka,122,2,13.5,8.81,121,2,1,06/03/16,120,5,15,8,NA,0,0,0,0,0,1,2
68,A Nehra,3,18,1,20,1,6.66,1,v New Zealand,Nagpur,79,10,18.1,4.34,127,2,0,15/03/16,126,7,20,6.3,NA,0,0,0,0,0,1,1
68,HH Pandya,1,6,0,10,0,10,1,v New Zealand,Nagpur,79,10,18.1,4.34,127,2,0,15/03/16,126,7,20,6.3,NA,1,1,0,0,1,1,1
68,JJ Bumrah,4,24,0,15,1,3.75,1,v New Zealand,Nagpur,79,10,18.1,4.34,127,2,0,15/03/16,126,7,20,6.3,NA,0,0,0,0,0,1,1
68,R Ashwin,4,24,0,32,1,8,1,v New Zealand,Nagpur,79,10,18.1,4.34,127,2,0,15/03/16,126,7,20,6.3,NA,0,0,0,0,0,1,1
68,RA Jadeja,4,24,0,26,1,6.5,1,v New Zealand,Nagpur,79,10,18.1,4.34,127,2,0,15/03/16,126,7,20,6.3,NA,0,0,0,0,0,1,1
68,SK Raina,4,24,0,16,1,4,1,v New Zealand,Nagpur,79,10,18.1,4.34,127,2,0,15/03/16,126,7,20,6.3,NA,0,0,0,0,0,1,1
69,A Nehra,4,24,0,20,1,5,1,v Pakistan,Kolkata,119,4,15.5,7.51,119,2,1,19/03/16,118,5,18,6.55,NA,0,0,0,0,0,1,3
69,HH Pandya,2,12,0,25,1,12.5,1,v Pakistan,Kolkata,119,4,15.5,7.51,119,2,1,19/03/16,118,5,18,6.55,NA,1,1,0,0,1,1,3
69,JJ Bumrah,4,24,0,32,1,8,1,v Pakistan,Kolkata,119,4,15.5,7.51,119,2,1,19/03/16,118,5,18,6.55,NA,0,0,0,0,0,1,3
69,R Ashwin,3,18,0,12,0,4,1,v Pakistan,Kolkata,119,4,15.5,7.51,119,2,1,19/03/16,118,5,18,6.55,NA,1,1,0,0,1,1,3
69,RA Jadeja,4,24,0,20,1,5,1,v Pakistan,Kolkata,119,4,15.5,7.51,119,2,1,19/03/16,118,5,18,6.55,NA,1,1,0,0,1,1,3
69,SK Raina,1,6,0,4,1,4,1,v Pakistan,Kolkata,119,4,15.5,7.51,119,2,1,19/03/16,118,5,18,6.55,NA,0,0,0,0,0,1,3
70,A Nehra,4,24,0,29,1,7.25,2,v Bangladesh,Bangalore,146,7,20,7.3,NA,1,1,23/03/16,145,9,20,7.25,147,0,0,0,0,0,2,3
70,HH Pandya,3,18,0,29,2,9.66,2,v Bangladesh,Bangalore,146,7,20,7.3,NA,1,1,23/03/16,145,9,20,7.25,147,1,1,0,0,1,2,3
70,JJ Bumrah,4,24,0,32,0,8,2,v Bangladesh,Bangalore,146,7,20,7.3,NA,1,1,23/03/16,145,9,20,7.25,147,0,0,0,0,0,2,3
70,R Ashwin,4,24,0,20,2,5,2,v Bangladesh,Bangalore,146,7,20,7.3,NA,1,1,23/03/16,145,9,20,7.25,147,0,0,0,0,0,2,3
70,RA Jadeja,4,24,0,22,2,5.5,2,v Bangladesh,Bangalore,146,7,20,7.3,NA,1,1,23/03/16,145,9,20,7.25,147,1,1,0,0,1,2,3
70,SK Raina,1,6,0,9,1,9,2,v Bangladesh,Bangalore,146,7,20,7.3,NA,1,1,23/03/16,145,9,20,7.25,147,1,1,0,0,1,2,3
71,A Nehra,4,24,0,20,1,5,1,v Australia,Mohali,161,4,19.1,8.4,161,2,1,27/03/16,160,6,20,8,NA,0,0,0,0,0,1,0
71,HH Pandya,4,24,0,36,2,9,1,v Australia,Mohali,161,4,19.1,8.4,161,2,1,27/03/16,160,6,20,8,NA,0,0,0,0,0,1,0
71,JJ Bumrah,4,24,0,32,1,8,1,v Australia,Mohali,161,4,19.1,8.4,161,2,1,27/03/16,160,6,20,8,NA,0,0,0,0,0,1,0
71,R Ashwin,2,12,0,31,1,15.5,1,v Australia,Mohali,161,4,19.1,8.4,161,2,1,27/03/16,160,6,20,8,NA,0,0,0,0,0,1,0
71,RA Jadeja,3,18,0,20,0,6.66,1,v Australia,Mohali,161,4,19.1,8.4,161,2,1,27/03/16,160,6,20,8,NA,0,0,0,0,0,1,0
71,Yuvraj Singh,3,18,0,19,1,6.33,1,v Australia,Mohali,161,4,19.1,8.4,161,2,1,27/03/16,160,6,20,8,NA,0,0,0,0,0,1,0
72,A Nehra,4,24,0,24,1,6,2,v West Indies,Mumbai,192,2,20,9.6,NA,1,0,31/03/16,196,3,19.4,9.96,193,0,0,0,0,0,2,0
72,HH Pandya,4,24,0,43,0,10.75,2,v West Indies,Mumbai,192,2,20,9.6,NA,1,0,31/03/16,196,3,19.4,9.96,193,0,0,0,0,0,2,0
72,JJ Bumrah,4,24,0,42,1,10.5,2,v West Indies,Mumbai,192,2,20,9.6,NA,1,0,31/03/16,196,3,19.4,9.96,193,0,0,0,0,0,2,0
72,R Ashwin,2,12,0,20,0,10,2,v West Indies,Mumbai,192,2,20,9.6,NA,1,0,31/03/16,196,3,19.4,9.96,193,0,0,0,0,0,2,0
72,RA Jadeja,4,24,0,48,0,12,2,v West Indies,Mumbai,192,2,20,9.6,NA,1,0,31/03/16,196,3,19.4,9.96,193,0,0,0,0,0,2,0
72,V Kohli,1.4,10,0,15,1,9,2,v West Indies,Mumbai,192,2,20,9.6,NA,1,0,31/03/16,196,3,19.4,9.96,193,0,0,0,0,0,2,0
