Match.Number,Batsman,Date,Runs,Mins,BF,X4s,X6s,SR,Pos,Dismissal,Inns,Opposition,Ground,Score,Wickets.Lost,Overs,RPO,Target,Result,Op.Score,Op.Wickets.Lost,Op.Overs,Op.RPO,Op.Target,Dis,Ct,St,Ct.Wk,Ct.Fi,field.inns,Total.Catches,Top3.runs,Average.SR,top3.boundaries
1,KD Karthik,01/12/06,31,44,28,3,1,110.71,5,not out,2,v South Africa,Johannesburg,127,4,19.5,6.4,127,1,126,9,20,6.3,NA,0,0,0,0,0,1,4,44,100.285,8
1,MS Dhoni,01/12/06,0,8,2,0,0,0,4,bowled,2,v South Africa,Johannesburg,127,4,19.5,6.4,127,1,126,9,20,6.3,NA,1,1,0,1,0,1,4,44,100.285,8
1,SK Raina,01/12/06,3,15,4,0,0,75,6,not out,2,v South Africa,Johannesburg,127,4,19.5,6.4,127,1,126,9,20,6.3,NA,2,2,0,0,2,1,4,44,100.285,8
1,SR Tendulkar,01/12/06,10,18,12,2,0,83.33,2,bowled,2,v South Africa,Johannesburg,127,4,19.5,6.4,127,1,126,9,20,6.3,NA,1,1,0,0,1,1,4,44,100.285,8
1,V Sehwag,01/12/06,34,45,29,5,1,117.24,1,run out,2,v South Africa,Johannesburg,127,4,19.5,6.4,127,1,126,9,20,6.3,NA,0,0,0,0,0,1,4,44,100.285,8
3,G Gambhir,16/09/07,51,45,33,5,2,154.54,1,caught,2,v New Zealand,Johannesburg,180,9,20,9,191,0,190,10,20,9.5,NA,1,1,0,0,1,1,2,91,129.9433333333,15
3,Harbhajan Singh,16/09/07,7,7,6,1,0,116.66,9,caught,2,v New Zealand,Johannesburg,180,9,20,9,191,0,190,10,20,9.5,NA,0,0,0,0,0,1,2,91,129.9433333333,15
3,KD Karthik,16/09/07,17,18,12,3,0,141.66,6,caught,2,v New Zealand,Johannesburg,180,9,20,9,191,0,190,10,20,9.5,NA,1,1,0,0,1,1,2,91,129.9433333333,15
3,MS Dhoni,16/09/07,24,31,20,2,0,120,4,run out,2,v New Zealand,Johannesburg,180,9,20,9,191,0,190,10,20,9.5,NA,0,0,0,0,0,1,2,91,129.9433333333,15
3,RV Uthappa,16/09/07,0,3,2,0,0,0,3,caught,2,v New Zealand,Johannesburg,180,9,20,9,191,0,190,10,20,9.5,NA,0,0,0,0,0,1,2,91,129.9433333333,15
3,V Sehwag,16/09/07,40,24,17,6,2,235.29,2,caught,2,v New Zealand,Johannesburg,180,9,20,9,191,0,190,10,20,9.5,NA,0,0,0,0,0,1,2,91,129.9433333333,15
3,Yuvraj Singh,16/09/07,5,8,7,0,0,71.42,5,caught,2,v New Zealand,Johannesburg,180,9,20,9,191,0,190,10,20,9.5,NA,0,0,0,0,0,1,2,91,129.9433333333,15
4,G Gambhir,19/09/07,58,62,41,7,1,141.46,1,caught,1,v England,Durban,218,4,20,10.9,NA,1,200,6,20,10,219,1,1,0,0,1,2,1,132,140.74,16
4,MS Dhoni,19/09/07,10,22,8,0,0,125,4,not out,1,v England,Durban,218,4,20,10.9,NA,1,200,6,20,10,219,0,0,0,0,0,2,1,132,140.74,16
4,RV Uthappa,19/09/07,6,8,4,1,0,150,3,bowled,1,v England,Durban,218,4,20,10.9,NA,1,200,6,20,10,219,0,0,0,0,0,2,1,132,140.74,16
4,V Sehwag,19/09/07,68,59,52,4,3,130.76,2,bowled,1,v England,Durban,218,4,20,10.9,NA,1,200,6,20,10,219,0,0,0,0,0,2,1,132,140.74,16
4,Yuvraj Singh,19/09/07,58,14,16,3,7,362.5,5,caught,1,v England,Durban,218,4,20,10.9,NA,1,200,6,20,10,219,0,0,0,0,0,2,1,132,140.74,16
5,G Gambhir,20/09/07,19,19,19,3,0,100,1,caught,1,v South Africa,Durban,153,5,20,7.65,NA,1,116,9,20,5.8,154,0,0,0,0,0,2,1,30,66.6666666667,4
5,KD Karthik,20/09/07,0,1,1,0,0,0,3,caught,1,v South Africa,Durban,153,5,20,7.65,NA,1,116,9,20,5.8,154,3,1,2,0,1,2,1,30,66.6666666667,4
5,MS Dhoni,20/09/07,45,39,33,4,1,136.36,6,run out,1,v South Africa,Durban,153,5,20,7.65,NA,1,116,9,20,5.8,154,0,0,0,0,0,2,1,30,66.6666666667,4
5,RG Sharma,20/09/07,50,52,40,7,2,125,5,not out,1,v South Africa,Durban,153,5,20,7.65,NA,1,116,9,20,5.8,154,0,0,0,0,0,2,1,30,66.6666666667,4
5,RV Uthappa,20/09/07,15,22,16,1,1,93.75,4,caught,1,v South Africa,Durban,153,5,20,7.65,NA,1,116,9,20,5.8,154,0,0,0,0,0,2,1,30,66.6666666667,4
5,V Sehwag,20/09/07,11,23,11,1,0,100,2,caught,1,v South Africa,Durban,153,5,20,7.65,NA,1,116,9,20,5.8,154,0,0,0,0,0,2,1,30,66.6666666667,4
6,G Gambhir,22/09/07,24,37,25,4,0,96,1,caught,1,v Australia,Durban,188,5,20,9.4,NA,1,173,7,20,8.65,189,0,0,0,0,0,2,1,67,95.55,9
6,MS Dhoni,22/09/07,36,21,18,4,1,200,5,run out,1,v Australia,Durban,188,5,20,9.4,NA,1,173,7,20,8.65,189,0,0,0,0,0,2,1,67,95.55,9
6,RG Sharma,22/09/07,8,11,5,0,1,160,6,not out,1,v Australia,Durban,188,5,20,9.4,NA,1,173,7,20,8.65,189,0,0,0,0,0,2,1,67,95.55,9
6,RV Uthappa,22/09/07,34,38,28,1,3,121.42,3,run out,1,v Australia,Durban,188,5,20,9.4,NA,1,173,7,20,8.65,189,0,0,0,0,0,2,1,67,95.55,9
6,V Sehwag,22/09/07,9,25,13,1,0,69.23,2,caught,1,v Australia,Durban,188,5,20,9.4,NA,1,173,7,20,8.65,189,0,0,0,0,0,2,1,67,95.55,9
6,Yuvraj Singh,22/09/07,70,38,30,5,5,233.33,4,caught,1,v Australia,Durban,188,5,20,9.4,NA,1,173,7,20,8.65,189,1,1,0,0,1,2,1,67,95.55,9
7,G Gambhir,24/09/07,75,76,54,8,2,138.88,1,caught,1,v Pakistan,Johannesburg,157,5,20,7.85,NA,1,152,10,19.3,7.79,158,0,0,0,0,0,2,3,98,133.0333333333,13
7,MS Dhoni,24/09/07,6,9,10,0,0,60,5,bowled,1,v Pakistan,Johannesburg,157,5,20,7.85,NA,1,152,10,19.3,7.79,158,0,0,0,0,0,2,3,98,133.0333333333,13
7,RG Sharma,24/09/07,30,22,16,2,1,187.5,6,not out,1,v Pakistan,Johannesburg,157,5,20,7.85,NA,1,152,10,19.3,7.79,158,1,1,0,0,1,2,3,98,133.0333333333,13
7,RV Uthappa,24/09/07,8,13,11,1,0,72.72,3,caught,1,v Pakistan,Johannesburg,157,5,20,7.85,NA,1,152,10,19.3,7.79,158,1,1,0,0,1,2,3,98,133.0333333333,13
7,YK Pathan,24/09/07,15,12,8,1,1,187.5,2,caught,1,v Pakistan,Johannesburg,157,5,20,7.85,NA,1,152,10,19.3,7.79,158,1,1,0,0,1,2,3,98,133.0333333333,13
7,Yuvraj Singh,24/09/07,14,28,19,1,0,73.68,4,caught,1,v Pakistan,Johannesburg,157,5,20,7.85,NA,1,152,10,19.3,7.79,158,0,0,0,0,0,2,3,98,133.0333333333,13
8,G Gambhir,20/10/07,63,74,52,6,1,121.15,1,caught,2,v Australia,Mumbai (BS),167,3,18.1,9.19,167,1,166,5,20,8.3,NA,0,0,0,0,0,1,0,103,126.92,14
8,MS Dhoni,20/10/07,9,11,5,0,1,180,5,not out,2,v Australia,Mumbai (BS),167,3,18.1,9.19,167,1,166,5,20,8.3,NA,0,0,0,0,0,1,0,103,126.92,14
8,RV Uthappa,20/10/07,35,38,26,6,0,134.61,3,caught,2,v Australia,Mumbai (BS),167,3,18.1,9.19,167,1,166,5,20,8.3,NA,0,0,0,0,0,1,0,103,126.92,14
8,V Sehwag,20/10/07,5,12,4,1,0,125,2,caught,2,v Australia,Mumbai (BS),167,3,18.1,9.19,167,1,166,5,20,8.3,NA,0,0,0,0,0,1,0,103,126.92,14
8,Yuvraj Singh,20/10/07,31,34,25,1,3,124,4,not out,2,v Australia,Mumbai (BS),167,3,18.1,9.19,167,1,166,5,20,8.3,NA,0,0,0,0,0,1,0,103,126.92,14
9,G Gambhir,01/02/08,9,9,6,1,0,150,1,caught,1,v Australia,Melbourne,74,10,17.3,4.22,NA,0,75,1,11.2,6.61,75,1,1,0,0,1,2,1,17,83.3333333333,2
9,Harbhajan Singh,01/02/08,1,5,3,0,0,33.33,9,caught,1,v Australia,Melbourne,74,10,17.3,4.22,NA,0,75,1,11.2,6.61,75,0,0,0,0,0,2,1,17,83.3333333333,2
9,KD Karthik,01/02/08,8,9,8,1,0,100,3,bowled,1,v Australia,Melbourne,74,10,17.3,4.22,NA,0,75,1,11.2,6.61,75,0,0,0,0,0,2,1,17,83.3333333333,2
9,MS Dhoni,01/02/08,9,30,27,0,0,33.33,6,caught,1,v Australia,Melbourne,74,10,17.3,4.22,NA,0,75,1,11.2,6.61,75,0,0,0,0,0,2,1,17,83.3333333333,2
9,RG Sharma,01/02/08,8,15,8,1,0,100,5,bowled,1,v Australia,Melbourne,74,10,17.3,4.22,NA,0,75,1,11.2,6.61,75,0,0,0,0,0,2,1,17,83.3333333333,2
9,RV Uthappa,01/02/08,1,7,3,0,0,33.33,4,caught,1,v Australia,Melbourne,74,10,17.3,4.22,NA,0,75,1,11.2,6.61,75,0,0,0,0,0,2,1,17,83.3333333333,2
9,V Sehwag,01/02/08,0,5,3,0,0,0,2,run out,1,v Australia,Melbourne,74,10,17.3,4.22,NA,0,75,1,11.2,6.61,75,0,0,0,0,0,2,1,17,83.3333333333,2
10,G Gambhir,10/02/09,13,6,6,3,0,216.66,1,caught,2,v Sri Lanka,Colombo (RPS),174,7,19.2,9,172,1,171,4,20,8.55,NA,0,0,0,0,0,1,3,49,148.76,9
10,MS Dhoni,10/02/09,13,17,17,1,0,76.47,5,bowled,2,v Sri Lanka,Colombo (RPS),174,7,19.2,9,172,1,171,4,20,8.55,NA,0,0,0,0,0,1,3,49,148.76,9
10,RA Jadeja,10/02/09,5,7,7,0,0,71.42,7,bowled,2,v Sri Lanka,Colombo (RPS),174,7,19.2,9,172,1,171,4,20,8.55,NA,0,0,0,0,0,1,3,49,148.76,9
10,RG Sharma,10/02/09,4,13,11,0,0,36.36,6,caught,2,v Sri Lanka,Colombo (RPS),174,7,19.2,9,172,1,171,4,20,8.55,NA,0,0,0,0,0,1,3,49,148.76,9
10,SK Raina,10/02/09,35,48,27,5,1,129.62,3,caught,2,v Sri Lanka,Colombo (RPS),174,7,19.2,9,172,1,171,4,20,8.55,NA,1,1,0,0,1,1,3,49,148.76,9
10,V Sehwag,10/02/09,1,4,1,0,0,100,2,run out,2,v Sri Lanka,Colombo (RPS),174,7,19.2,9,172,1,171,4,20,8.55,NA,1,1,0,0,1,1,3,49,148.76,9
10,YK Pathan,10/02/09,22,26,10,1,2,220,8,not out,2,v Sri Lanka,Colombo (RPS),174,7,19.2,9,172,1,171,4,20,8.55,NA,1,1,0,0,1,1,3,49,148.76,9
10,Yuvraj Singh,10/02/09,32,43,21,3,2,152.38,4,caught,2,v Sri Lanka,Colombo (RPS),174,7,19.2,9,172,1,171,4,20,8.55,NA,0,0,0,0,0,1,3,49,148.76,9
11,G Gambhir,25/02/09,6,8,7,1,0,85.71,1,bowled,1,v New Zealand,Christchurch,162,8,20,8.1,NA,0,166,3,18.5,8.81,163,0,0,0,0,0,2,0,93,162.5233333333,12
11,Harbhajan Singh,25/02/09,21,25,22,2,0,95.45,9,bowled,1,v New Zealand,Christchurch,162,8,20,8.1,NA,0,166,3,18.5,8.81,163,0,0,0,0,0,2,0,93,162.5233333333,12
11,MS Dhoni,25/02/09,2,5,6,0,0,33.33,6,bowled,1,v New Zealand,Christchurch,162,8,20,8.1,NA,0,166,3,18.5,8.81,163,0,0,0,0,0,2,0,93,162.5233333333,12
11,RG Sharma,25/02/09,7,9,7,0,1,100,4,caught,1,v New Zealand,Christchurch,162,8,20,8.1,NA,0,166,3,18.5,8.81,163,0,0,0,0,0,2,0,93,162.5233333333,12
11,SK Raina,25/02/09,61,74,43,2,5,141.86,3,not out,1,v New Zealand,Christchurch,162,8,20,8.1,NA,0,166,3,18.5,8.81,163,0,0,0,0,0,2,0,93,162.5233333333,12
11,V Sehwag,25/02/09,26,14,10,0,4,260,2,bowled,1,v New Zealand,Christchurch,162,8,20,8.1,NA,0,166,3,18.5,8.81,163,0,0,0,0,0,2,0,93,162.5233333333,12
11,YK Pathan,25/02/09,20,7,8,0,3,250,7,caught,1,v New Zealand,Christchurch,162,8,20,8.1,NA,0,166,3,18.5,8.81,163,0,0,0,0,0,2,0,93,162.5233333333,12
11,Yuvraj Singh,25/02/09,1,4,3,0,0,33.33,5,lbw,1,v New Zealand,Christchurch,162,8,20,8.1,NA,0,166,3,18.5,8.81,163,0,0,0,0,0,2,0,93,162.5233333333,12
12,G Gambhir,27/02/09,10,29,13,0,1,76.92,1,caught,1,v New Zealand,Wellington,149,6,20,7.45,NA,0,150,5,20,7.5,150,0,0,0,0,0,2,1,34,98.3666666667,6
12,MS Dhoni,27/02/09,28,57,30,2,0,93.33,5,not out,1,v New Zealand,Wellington,149,6,20,7.45,NA,0,150,5,20,7.5,150,1,1,0,1,0,2,1,34,98.3666666667,6
12,RA Jadeja,27/02/09,19,14,16,1,1,118.75,7,caught,1,v New Zealand,Wellington,149,6,20,7.45,NA,0,150,5,20,7.5,150,0,0,0,0,0,2,1,34,98.3666666667,6
12,SK Raina,27/02/09,0,4,4,0,0,0,3,caught,1,v New Zealand,Wellington,149,6,20,7.45,NA,0,150,5,20,7.5,150,0,0,0,0,0,2,1,34,98.3666666667,6
12,V Sehwag,27/02/09,24,15,11,5,0,218.18,2,caught,1,v New Zealand,Wellington,149,6,20,7.45,NA,0,150,5,20,7.5,150,0,0,0,0,0,2,1,34,98.3666666667,6
12,YK Pathan,27/02/09,0,3,2,0,0,0,6,bowled,1,v New Zealand,Wellington,149,6,20,7.45,NA,0,150,5,20,7.5,150,0,0,0,0,0,2,1,34,98.3666666667,6
12,Yuvraj Singh,27/02/09,50,33,34,3,4,147.05,4,caught,1,v New Zealand,Wellington,149,6,20,7.45,NA,0,150,5,20,7.5,150,0,0,0,0,0,2,1,34,98.3666666667,6
13,G Gambhir,06/06/09,50,70,46,4,0,108.69,1,caught,1,v Bangladesh,Nottingham,180,5,20,9,NA,1,155,8,20,7.75,181,1,1,0,0,1,2,4,112,129.67,10
13,MS Dhoni,06/06/09,26,26,21,0,1,123.8,3,bowled,1,v Bangladesh,Nottingham,180,5,20,9,NA,1,155,8,20,7.75,181,2,1,1,1,0,2,4,112,129.67,10
13,RG Sharma,06/06/09,36,34,23,3,2,156.52,2,bowled,1,v Bangladesh,Nottingham,180,5,20,9,NA,1,155,8,20,7.75,181,0,0,0,0,0,2,4,112,129.67,10
13,SK Raina,06/06/09,10,12,8,1,0,125,5,bowled,1,v Bangladesh,Nottingham,180,5,20,9,NA,1,155,8,20,7.75,181,0,0,0,0,0,2,4,112,129.67,10
13,YK Pathan,06/06/09,1,10,1,0,0,100,6,not out,1,v Bangladesh,Nottingham,180,5,20,9,NA,1,155,8,20,7.75,181,0,0,0,0,0,2,4,112,129.67,10
13,Yuvraj Singh,06/06/09,41,12,18,3,4,227.77,4,caught,1,v Bangladesh,Nottingham,180,5,20,9,NA,1,155,8,20,7.75,181,2,2,0,0,2,2,4,112,129.67,10
14,G Gambhir,10/06/09,37,42,31,3,1,119.35,1,caught,2,v Ireland,Nottingham,113,2,15.3,7.29,113,1,112,8,18,6.22,NA,0,0,0,0,0,1,2,103,114.1966666667,10
14,MS Dhoni,10/06/09,14,9,13,1,0,107.69,3,caught,2,v Ireland,Nottingham,113,2,15.3,7.29,113,1,112,8,18,6.22,NA,1,1,0,1,0,1,2,103,114.1966666667,10
14,RG Sharma,10/06/09,52,61,45,4,1,115.55,2,not out,2,v Ireland,Nottingham,113,2,15.3,7.29,113,1,112,8,18,6.22,NA,0,0,0,0,0,1,2,103,114.1966666667,10
14,Yuvraj Singh,10/06/09,3,7,4,0,0,75,4,not out,2,v Ireland,Nottingham,113,2,15.3,7.29,113,1,112,8,18,6.22,NA,1,1,0,0,1,1,2,103,114.1966666667,10
15,G Gambhir,12/06/09,14,23,13,2,0,107.69,1,caught,1,v West Indies,Lord's,153,7,20,7.65,NA,0,156,3,18.4,8.35,154,0,0,0,0,0,2,1,24,112.2833333333,3
15,Harbhajan Singh,12/06/09,13,3,4,3,0,325,8,not out,1,v West Indies,Lord's,153,7,20,7.65,NA,0,156,3,18.4,8.35,154,0,0,0,0,0,2,1,24,112.2833333333,3
15,MS Dhoni,12/06/09,11,24,23,0,0,47.82,5,caught,1,v West Indies,Lord's,153,7,20,7.65,NA,0,156,3,18.4,8.35,154,0,0,0,0,0,2,1,24,112.2833333333,3
15,RG Sharma,12/06/09,5,6,3,1,0,166.66,2,caught,1,v West Indies,Lord's,153,7,20,7.65,NA,0,156,3,18.4,8.35,154,0,0,0,0,0,2,1,24,112.2833333333,3
15,SK Raina,12/06/09,5,12,8,0,0,62.5,3,caught,1,v West Indies,Lord's,153,7,20,7.65,NA,0,156,3,18.4,8.35,154,0,0,0,0,0,2,1,24,112.2833333333,3
15,YK Pathan,12/06/09,31,27,23,3,1,134.78,6,bowled,1,v West Indies,Lord's,153,7,20,7.65,NA,0,156,3,18.4,8.35,154,0,0,0,0,0,2,1,24,112.2833333333,3
15,Yuvraj Singh,12/06/09,67,55,43,6,2,155.81,4,caught,1,v West Indies,Lord's,153,7,20,7.65,NA,0,156,3,18.4,8.35,154,1,1,0,0,1,2,1,24,112.2833333333,3
16,G Gambhir,14/06/09,26,50,26,4,0,100,1,caught,2,v England,Lord's,150,5,20,7.5,154,0,153,7,20,7.65,NA,0,0,0,0,0,1,2,37,84.1666666667,5
16,MS Dhoni,14/06/09,30,33,20,3,0,150,6,not out,2,v England,Lord's,150,5,20,7.5,154,0,153,7,20,7.65,NA,0,0,0,0,0,1,2,37,84.1666666667,5
16,RA Jadeja,14/06/09,25,41,35,1,0,71.42,4,caught,2,v England,Lord's,150,5,20,7.5,154,0,153,7,20,7.65,NA,1,1,0,0,1,1,2,37,84.1666666667,5
16,RG Sharma,14/06/09,9,7,8,1,0,112.5,2,bowled,2,v England,Lord's,150,5,20,7.5,154,0,153,7,20,7.65,NA,0,0,0,0,0,1,2,37,84.1666666667,5
16,SK Raina,14/06/09,2,7,5,0,0,40,3,caught,2,v England,Lord's,150,5,20,7.5,154,0,153,7,20,7.65,NA,0,0,0,0,0,1,2,37,84.1666666667,5
16,YK Pathan,14/06/09,33,29,17,1,2,194.11,7,not out,2,v England,Lord's,150,5,20,7.5,154,0,153,7,20,7.65,NA,1,1,0,0,1,1,2,37,84.1666666667,5
16,Yuvraj Singh,14/06/09,17,14,9,0,2,188.88,5,stumped,2,v England,Lord's,150,5,20,7.5,154,0,153,7,20,7.65,NA,0,0,0,0,0,1,2,37,84.1666666667,5
17,G Gambhir,16/06/09,21,27,19,3,0,110.52,1,caught,2,v South Africa,Nottingham,118,8,20,5.9,131,0,130,5,20,6.5,NA,0,0,0,0,0,1,2,53,83.8633333333,6
17,Harbhajan Singh,16/06/09,14,18,15,1,1,93.33,7,caught,2,v South Africa,Nottingham,118,8,20,5.9,131,0,130,5,20,6.5,NA,0,0,0,0,0,1,2,53,83.8633333333,6
17,MS Dhoni,16/06/09,5,11,12,0,0,41.66,5,run out,2,v South Africa,Nottingham,118,8,20,5.9,131,0,130,5,20,6.5,NA,1,0,1,0,0,1,2,53,83.8633333333,6
17,RA Jadeja,16/06/09,7,14,6,0,0,116.66,8,not out,2,v South Africa,Nottingham,118,8,20,5.9,131,0,130,5,20,6.5,NA,2,2,0,0,2,1,2,53,83.8633333333,6
17,RG Sharma,16/06/09,29,39,28,3,0,103.57,2,caught,2,v South Africa,Nottingham,118,8,20,5.9,131,0,130,5,20,6.5,NA,0,0,0,0,0,1,2,53,83.8633333333,6
17,SK Raina,16/06/09,3,7,8,0,0,37.5,3,caught,2,v South Africa,Nottingham,118,8,20,5.9,131,0,130,5,20,6.5,NA,0,0,0,0,0,1,2,53,83.8633333333,6
17,YK Pathan,16/06/09,0,2,2,0,0,0,6,caught,2,v South Africa,Nottingham,118,8,20,5.9,131,0,130,5,20,6.5,NA,0,0,0,0,0,1,2,53,83.8633333333,6
17,Yuvraj Singh,16/06/09,25,47,25,1,1,100,4,caught,2,v South Africa,Nottingham,118,8,20,5.9,131,0,130,5,20,6.5,NA,0,0,0,0,0,1,2,53,83.8633333333,6
18,G Gambhir,09/12/09,55,NA,26,11,0,211.53,1,bowled,2,v Sri Lanka,Nagpur,186,9,20,9.3,216,0,215,5,20,10.75,NA,0,0,0,0,0,1,0,90,157.4133333333,15
18,MS Dhoni,09/12/09,9,NA,12,0,0,75,3,caught,2,v Sri Lanka,Nagpur,186,9,20,9.3,216,0,215,5,20,10.75,NA,0,0,0,0,0,1,0,90,157.4133333333,15
18,RG Sharma,09/12/09,3,NA,4,0,0,75,5,run out,2,v Sri Lanka,Nagpur,186,9,20,9.3,216,0,215,5,20,10.75,NA,0,0,0,0,0,1,0,90,157.4133333333,15
18,SK Raina,09/12/09,21,NA,13,1,1,161.53,6,caught,2,v Sri Lanka,Nagpur,186,9,20,9.3,216,0,215,5,20,10.75,NA,0,0,0,0,0,1,0,90,157.4133333333,15
18,V Sehwag,09/12/09,26,NA,14,3,1,185.71,2,caught,2,v Sri Lanka,Nagpur,186,9,20,9.3,216,0,215,5,20,10.75,NA,0,0,0,0,0,1,0,90,157.4133333333,15
18,YK Pathan,09/12/09,0,NA,2,0,0,0,7,caught,2,v Sri Lanka,Nagpur,186,9,20,9.3,216,0,215,5,20,10.75,NA,0,0,0,0,0,1,0,90,157.4133333333,15
18,Yuvraj Singh,09/12/09,6,NA,8,0,0,75,4,caught,2,v Sri Lanka,Nagpur,186,9,20,9.3,216,0,215,5,20,10.75,NA,0,0,0,0,0,1,0,90,157.4133333333,15
19,G Gambhir,12/12/09,21,30,18,1,0,116.66,1,run out,2,v Sri Lanka,Mohali,211,4,19.1,11,207,1,206,7,20,10.3,NA,0,0,0,0,0,1,1,131,152.9033333333,16
19,KD Karthik,12/12/09,4,2,1,1,0,400,6,not out,2,v Sri Lanka,Mohali,211,4,19.1,11,207,1,206,7,20,10.3,NA,1,1,0,0,1,1,1,131,152.9033333333,16
19,MS Dhoni,12/12/09,46,55,28,3,2,164.28,3,bowled,2,v Sri Lanka,Mohali,211,4,19.1,11,207,1,206,7,20,10.3,NA,0,0,0,0,0,1,1,131,152.9033333333,16
19,SK Raina,12/12/09,9,9,7,2,0,128.57,5,run out,2,v Sri Lanka,Mohali,211,4,19.1,11,207,1,206,7,20,10.3,NA,0,0,0,0,0,1,1,131,152.9033333333,16
19,V Sehwag,12/12/09,64,56,36,7,3,177.77,2,caught,2,v Sri Lanka,Mohali,211,4,19.1,11,207,1,206,7,20,10.3,NA,0,0,0,0,0,1,1,131,152.9033333333,16
19,Yuvraj Singh,12/12/09,60,45,25,3,5,240,4,not out,2,v Sri Lanka,Mohali,211,4,19.1,11,207,1,206,7,20,10.3,NA,0,0,0,0,0,1,1,131,152.9033333333,16
20,G Gambhir,01/05/10,4,11,6,0,0,66.66,1,caught,2,v Afghanistan,Gros Islet,116,3,14.5,7.82,116,1,115,8,20,5.75,NA,1,1,0,0,1,1,5,70,103.1533333333,7
20,M Vijay,01/05/10,48,59,46,2,3,104.34,2,caught,2,v Afghanistan,Gros Islet,116,3,14.5,7.82,116,1,115,8,20,5.75,NA,0,0,0,0,0,1,5,70,103.1533333333,7
20,MS Dhoni,01/05/10,15,2,6,0,2,250,5,not out,2,v Afghanistan,Gros Islet,116,3,14.5,7.82,116,1,115,8,20,5.75,NA,4,4,0,4,0,1,5,70,103.1533333333,7
20,SK Raina,01/05/10,18,14,13,1,1,138.46,3,lbw,2,v Afghanistan,Gros Islet,116,3,14.5,7.82,116,1,115,8,20,5.75,NA,0,0,0,0,0,1,5,70,103.1533333333,7
20,Yuvraj Singh,01/05/10,23,34,22,0,1,104.54,4,not out,2,v Afghanistan,Gros Islet,116,3,14.5,7.82,116,1,115,8,20,5.75,NA,0,0,0,0,0,1,5,70,103.1533333333,7
21,Harbhajan Singh,02/05/10,0,1,0,0,0,NA,7,not out,1,v South Africa,Gros Islet,186,5,20,9.3,NA,1,172,5,20,8.6,187,1,1,0,0,1,2,1,117,87.48,16
21,KD Karthik,02/05/10,16,26,17,2,0,94.11,1,caught,1,v South Africa,Gros Islet,186,5,20,9.3,NA,1,172,5,20,8.6,187,0,0,0,0,0,2,1,117,87.48,16
21,M Vijay,02/05/10,0,2,1,0,0,0,2,caught,1,v South Africa,Gros Islet,186,5,20,9.3,NA,1,172,5,20,8.6,187,0,0,0,0,0,2,1,117,87.48,16
21,MS Dhoni,02/05/10,16,6,6,1,1,266.66,6,not out,1,v South Africa,Gros Islet,186,5,20,9.3,NA,1,172,5,20,8.6,187,0,0,0,0,0,2,1,117,87.48,16
21,SK Raina,02/05/10,101,85,60,9,5,168.33,3,caught,1,v South Africa,Gros Islet,186,5,20,9.3,NA,1,172,5,20,8.6,187,0,0,0,0,0,2,1,117,87.48,16
21,YK Pathan,02/05/10,11,11,7,0,1,157.14,5,caught,1,v South Africa,Gros Islet,186,5,20,9.3,NA,1,172,5,20,8.6,187,0,0,0,0,0,2,1,117,87.48,16
21,Yuvraj Singh,02/05/10,37,43,30,3,2,123.33,4,caught,1,v South Africa,Gros Islet,186,5,20,9.3,NA,1,172,5,20,8.6,187,0,0,0,0,0,2,1,117,87.48,16
22,G Gambhir,07/05/10,9,14,10,2,0,90,2,caught,2,v Australia,Bridgetown,135,10,17.4,7.64,185,0,184,5,20,9.2,NA,0,0,0,0,0,1,2,16,72.8566666667,3
22,Harbhajan Singh,07/05/10,13,15,11,1,1,118.18,9,caught,2,v Australia,Bridgetown,135,10,17.4,7.64,185,0,184,5,20,9.2,NA,0,0,0,0,0,1,2,16,72.8566666667,3
22,M Vijay,07/05/10,2,8,7,0,0,28.57,1,caught,2,v Australia,Bridgetown,135,10,17.4,7.64,185,0,184,5,20,9.2,NA,1,1,0,0,1,1,2,16,72.8566666667,3
22,MS Dhoni,07/05/10,2,10,8,0,0,25,6,caught,2,v Australia,Bridgetown,135,10,17.4,7.64,185,0,184,5,20,9.2,NA,2,1,1,1,0,1,2,16,72.8566666667,3
22,RA Jadeja,07/05/10,4,6,5,0,0,80,8,run out,2,v Australia,Bridgetown,135,10,17.4,7.64,185,0,184,5,20,9.2,NA,0,0,0,0,0,1,2,16,72.8566666667,3
22,RG Sharma,07/05/10,79,65,46,4,6,171.73,4,not out,2,v Australia,Bridgetown,135,10,17.4,7.64,185,0,184,5,20,9.2,NA,0,0,0,0,0,1,2,16,72.8566666667,3
22,SK Raina,07/05/10,5,7,5,1,0,100,3,caught,2,v Australia,Bridgetown,135,10,17.4,7.64,185,0,184,5,20,9.2,NA,0,0,0,0,0,1,2,16,72.8566666667,3
22,YK Pathan,07/05/10,1,6,5,0,0,20,7,caught,2,v Australia,Bridgetown,135,10,17.4,7.64,185,0,184,5,20,9.2,NA,0,0,0,0,0,1,2,16,72.8566666667,3
22,Yuvraj Singh,07/05/10,1,5,2,0,0,50,5,bowled,2,v Australia,Bridgetown,135,10,17.4,7.64,185,0,184,5,20,9.2,NA,0,0,0,0,0,1,2,16,72.8566666667,3
23,G Gambhir,09/05/10,15,22,14,3,0,107.14,2,caught,2,v West Indies,Bridgetown,155,9,20,7.75,170,0,169,6,20,8.45,NA,0,0,0,0,0,1,5,54,95.0466666667,8
23,Harbhajan Singh,09/05/10,14,18,10,1,1,140,8,caught,2,v West Indies,Bridgetown,155,9,20,7.75,170,0,169,6,20,8.45,NA,0,0,0,0,0,1,5,54,95.0466666667,8
23,M Vijay,09/05/10,7,14,14,0,0,50,1,caught,2,v West Indies,Bridgetown,155,9,20,7.75,170,0,169,6,20,8.45,NA,1,1,0,0,1,1,5,54,95.0466666667,8
23,MS Dhoni,09/05/10,29,30,18,2,2,161.11,6,run out,2,v West Indies,Bridgetown,155,9,20,7.75,170,0,169,6,20,8.45,NA,1,1,0,1,0,1,5,54,95.0466666667,8
23,RA Jadeja,09/05/10,5,10,6,0,0,83.33,9,not out,2,v West Indies,Bridgetown,155,9,20,7.75,170,0,169,6,20,8.45,NA,0,0,0,0,0,1,5,54,95.0466666667,8
23,RG Sharma,09/05/10,5,10,8,1,0,62.5,4,caught,2,v West Indies,Bridgetown,155,9,20,7.75,170,0,169,6,20,8.45,NA,2,2,0,0,2,1,5,54,95.0466666667,8
23,SK Raina,09/05/10,32,38,25,4,1,128,3,caught,2,v West Indies,Bridgetown,155,9,20,7.75,170,0,169,6,20,8.45,NA,0,0,0,0,0,1,5,54,95.0466666667,8
23,YK Pathan,09/05/10,17,12,10,0,2,170,7,caught,2,v West Indies,Bridgetown,155,9,20,7.75,170,0,169,6,20,8.45,NA,1,1,0,0,1,1,5,54,95.0466666667,8
23,Yuvraj Singh,09/05/10,12,22,14,1,0,85.71,5,caught,2,v West Indies,Bridgetown,155,9,20,7.75,170,0,169,6,20,8.45,NA,0,0,0,0,0,1,5,54,95.0466666667,8
24,G Gambhir,11/05/10,41,52,32,3,0,128.12,2,caught,1,v Sri Lanka,Gros Islet,163,5,20,8.15,NA,0,167,5,20,8.35,164,0,0,0,0,0,2,3,117,123.4966666667,13
24,KD Karthik,11/05/10,13,20,12,2,0,108.33,1,caught,1,v Sri Lanka,Gros Islet,163,5,20,8.15,NA,0,167,5,20,8.35,164,1,1,0,0,1,2,3,117,123.4966666667,13
24,MS Dhoni,11/05/10,23,43,19,0,1,121.05,4,not out,1,v Sri Lanka,Gros Islet,163,5,20,8.15,NA,0,167,5,20,8.35,164,0,0,0,0,0,2,3,117,123.4966666667,13
24,SK Raina,11/05/10,63,61,47,7,1,134.04,3,caught,1,v Sri Lanka,Gros Islet,163,5,20,8.15,NA,0,167,5,20,8.35,164,0,0,0,0,0,2,3,117,123.4966666667,13
24,YK Pathan,11/05/10,13,10,9,2,0,144.44,6,caught,1,v Sri Lanka,Gros Islet,163,5,20,8.15,NA,0,167,5,20,8.35,164,1,1,0,0,1,2,3,117,123.4966666667,13
24,Yuvraj Singh,11/05/10,1,2,2,0,0,50,5,caught,1,v Sri Lanka,Gros Islet,163,5,20,8.15,NA,0,167,5,20,8.35,164,1,1,0,0,1,2,3,117,123.4966666667,13
25,M Vijay,12/06/10,5,3,5,1,0,100,1,caught,2,v Zimbabwe,Harare,112,4,15,7.46,112,1,111,9,20,5.55,NA,1,1,0,0,1,1,3,33,132.35,5
25,RG Sharma,12/06/10,10,22,15,1,0,66.66,4,stumped,2,v Zimbabwe,Harare,112,4,15,7.46,112,1,111,9,20,5.55,NA,1,1,0,0,1,1,3,33,132.35,5
25,SK Raina,12/06/10,28,28,17,3,1,164.7,3,caught,2,v Zimbabwe,Harare,112,4,15,7.46,112,1,111,9,20,5.55,NA,1,1,0,0,1,1,3,33,132.35,5
25,V Kohli,12/06/10,26,30,21,3,1,123.8,5,not out,2,v Zimbabwe,Harare,112,4,15,7.46,112,1,111,9,20,5.55,NA,0,0,0,0,0,1,3,33,132.35,5
25,YK Pathan,12/06/10,37,27,24,2,3,154.16,6,not out,2,v Zimbabwe,Harare,112,4,15,7.46,112,1,111,9,20,5.55,NA,0,0,0,0,0,1,3,33,132.35,5
26,M Vijay,13/06/10,46,62,39,2,3,117.94,2,caught,2,v Zimbabwe,Harare,144,3,18,8,141,1,140,5,20,7,NA,0,0,0,0,0,1,3,118,140.785,13
26,RG Sharma,13/06/10,0,1,0,0,0,NA,5,not out,2,v Zimbabwe,Harare,144,3,18,8,141,1,140,5,20,7,NA,1,1,0,0,1,1,3,118,140.785,13
26,SK Raina,13/06/10,72,59,44,6,2,163.63,3,not out,2,v Zimbabwe,Harare,144,3,18,8,141,1,140,5,20,7,NA,1,1,0,0,1,1,3,118,140.785,13
26,YK Pathan,13/06/10,4,16,7,0,0,57.14,4,caught,2,v Zimbabwe,Harare,144,3,18,8,141,1,140,5,20,7,NA,1,1,0,0,1,1,3,118,140.785,13
27,M Vijay,09/01/11,14,11,12,3,0,116.66,2,caught,1,v South Africa,Durban,168,6,20,8.4,NA,1,147,9,20,7.35,169,0,0,0,0,0,2,3,95,139.9666666667,15
27,MS Dhoni,09/01/11,10,19,11,0,0,90.9,7,not out,1,v South Africa,Durban,168,6,20,8.4,NA,1,147,9,20,7.35,169,0,0,0,0,0,2,3,95,139.9666666667,15
27,RG Sharma,09/01/11,53,38,34,5,2,155.88,3,caught,1,v South Africa,Durban,168,6,20,8.4,NA,1,147,9,20,7.35,169,1,1,0,0,1,2,3,95,139.9666666667,15
27,SK Raina,09/01/11,41,29,23,2,3,178.26,6,caught,1,v South Africa,Durban,168,6,20,8.4,NA,1,147,9,20,7.35,169,0,0,0,0,0,2,3,95,139.9666666667,15
27,V Kohli,09/01/11,28,28,19,5,0,147.36,1,bowled,1,v South Africa,Durban,168,6,20,8.4,NA,1,147,9,20,7.35,169,1,1,0,0,1,2,3,95,139.9666666667,15
27,YK Pathan,09/01/11,6,16,8,0,0,75,5,bowled,1,v South Africa,Durban,168,6,20,8.4,NA,1,147,9,20,7.35,169,1,1,0,0,1,2,3,95,139.9666666667,15
27,Yuvraj Singh,09/01/11,12,20,13,1,0,92.3,4,run out,1,v South Africa,Durban,168,6,20,8.4,NA,1,147,9,20,7.35,169,0,0,0,0,0,2,3,95,139.9666666667,15
28,Harbhajan Singh,04/06/11,15,5,7,1,1,214.28,8,not out,1,v West Indies,Port of Spain,159,6,20,7.95,NA,1,143,5,20,7.15,160,0,0,0,0,0,2,2,19,81.055,2
28,RG Sharma,04/06/11,26,33,23,0,2,113.04,6,bowled,1,v West Indies,Port of Spain,159,6,20,7.95,NA,1,143,5,20,7.15,160,0,0,0,0,0,2,2,19,81.055,2
28,S Dhawan,04/06/11,5,13,11,0,0,45.45,2,caught,1,v West Indies,Port of Spain,159,6,20,7.95,NA,1,143,5,20,7.15,160,0,0,0,0,0,2,2,19,81.055,2
28,SK Raina,04/06/11,2,5,6,0,0,33.33,5,caught,1,v West Indies,Port of Spain,159,6,20,7.95,NA,1,143,5,20,7.15,160,0,0,0,0,0,2,2,19,81.055,2
28,V Kohli,04/06/11,14,15,12,2,0,116.66,3,caught,1,v West Indies,Port of Spain,159,6,20,7.95,NA,1,143,5,20,7.15,160,2,2,0,0,2,2,2,19,81.055,2
28,YK Pathan,04/06/11,15,1,6,0,2,250,7,not out,1,v West Indies,Port of Spain,159,6,20,7.95,NA,1,143,5,20,7.15,160,0,0,0,0,0,2,2,19,81.055,2
29,AM Rahane,31/08/11,61,49,39,8,0,156.41,2,caught,1,v England,Manchester,165,10,19.4,8.38,NA,0,169,4,19.3,8.66,166,0,0,0,0,0,2,2,61,156.41,8
29,MS Dhoni,31/08/11,8,15,8,1,0,100,7,caught,1,v England,Manchester,165,10,19.4,8.38,NA,0,169,4,19.3,8.66,166,1,0,1,0,0,2,2,61,156.41,8
29,R Ashwin,31/08/11,4,1,2,1,0,200,8,run out,1,v England,Manchester,165,10,19.4,8.38,NA,0,169,4,19.3,8.66,166,0,0,0,0,0,2,2,61,156.41,8
29,RG Sharma,31/08/11,1,7,3,0,0,33.33,5,stumped,1,v England,Manchester,165,10,19.4,8.38,NA,0,169,4,19.3,8.66,166,1,1,0,0,1,2,2,61,156.41,8
29,SK Raina,31/08/11,33,26,19,2,3,173.68,6,caught,1,v England,Manchester,165,10,19.4,8.38,NA,0,169,4,19.3,8.66,166,1,1,0,0,1,2,2,61,156.41,8
29,V Kohli,31/08/11,4,5,5,0,0,80,4,caught,1,v England,Manchester,165,10,19.4,8.38,NA,0,169,4,19.3,8.66,166,0,0,0,0,0,2,2,61,156.41,8
30,AM Rahane,29/10/11,0,2,3,0,0,0,2,caught,1,v England,Kolkata,120,9,20,6,NA,0,121,4,18.4,6.48,121,1,1,0,0,1,2,1,16,42.36,3
30,MS Dhoni,29/10/11,21,44,26,0,1,80.76,6,run out,1,v England,Kolkata,120,9,20,6,NA,0,121,4,18.4,6.48,121,0,0,0,0,0,2,1,16,42.36,3
30,R Ashwin,29/10/11,17,14,11,3,0,154.54,10,not out,1,v England,Kolkata,120,9,20,6,NA,0,121,4,18.4,6.48,121,0,0,0,0,0,2,1,16,42.36,3
30,RA Jadeja,29/10/11,0,1,1,0,0,0,7,bowled,1,v England,Kolkata,120,9,20,6,NA,0,121,4,18.4,6.48,121,0,0,0,0,0,2,1,16,42.36,3
30,RV Uthappa,29/10/11,1,6,3,0,0,33.33,1,caught,1,v England,Kolkata,120,9,20,6,NA,0,121,4,18.4,6.48,121,0,0,0,0,0,2,1,16,42.36,3
30,SK Raina,29/10/11,39,47,29,4,2,134.48,4,caught,1,v England,Kolkata,120,9,20,6,NA,0,121,4,18.4,6.48,121,0,0,0,0,0,2,1,16,42.36,3
30,V Kohli,29/10/11,15,21,16,3,0,93.75,3,caught,1,v England,Kolkata,120,9,20,6,NA,0,121,4,18.4,6.48,121,0,0,0,0,0,2,1,16,42.36,3
30,YK Pathan,29/10/11,10,17,12,1,0,83.33,8,bowled,1,v England,Kolkata,120,9,20,6,NA,0,121,4,18.4,6.48,121,0,0,0,0,0,2,1,16,42.36,3
31,G Gambhir,01/02/12,20,27,14,3,0,142.85,1,caught,2,v Australia,Sydney,140,6,20,7,172,0,171,4,20,8.55,NA,0,0,0,0,0,1,2,46,126.98,5
31,MS Dhoni,01/02/12,48,55,43,1,3,111.62,6,not out,2,v Australia,Sydney,140,6,20,7,172,0,171,4,20,8.55,NA,0,0,0,0,0,1,2,46,126.98,5
31,R Ashwin,01/02/12,15,30,16,1,0,93.75,8,not out,2,v Australia,Sydney,140,6,20,7,172,0,171,4,20,8.55,NA,0,0,0,0,0,1,2,46,126.98,5
31,RA Jadeja,01/02/12,7,9,8,1,0,87.5,7,caught,2,v Australia,Sydney,140,6,20,7,172,0,171,4,20,8.55,NA,0,0,0,0,0,1,2,46,126.98,5
31,RG Sharma,01/02/12,0,2,1,0,0,0,5,bowled,2,v Australia,Sydney,140,6,20,7,172,0,171,4,20,8.55,NA,0,0,0,0,0,1,2,46,126.98,5
31,SK Raina,01/02/12,14,23,15,1,0,93.33,4,bowled,2,v Australia,Sydney,140,6,20,7,172,0,171,4,20,8.55,NA,2,2,0,0,2,1,2,46,126.98,5
31,V Kohli,01/02/12,22,30,21,0,1,104.76,3,caught,2,v Australia,Sydney,140,6,20,7,172,0,171,4,20,8.55,NA,0,0,0,0,0,1,2,46,126.98,5
31,V Sehwag,01/02/12,4,2,3,1,0,133.33,2,caught,2,v Australia,Sydney,140,6,20,7,172,0,171,4,20,8.55,NA,0,0,0,0,0,1,2,46,126.98,5
32,G Gambhir,03/02/12,56,91,60,4,0,93.33,1,not out,2,v Australia,Melbourne,135,2,19.4,6.86,132,1,131,10,19.4,6.66,NA,1,1,0,0,1,1,3,110,122.08,10
32,MS Dhoni,03/02/12,21,26,18,2,0,116.66,4,not out,2,v Australia,Melbourne,135,2,19.4,6.86,132,1,131,10,19.4,6.66,NA,3,2,1,2,0,1,3,110,122.08,10
32,V Kohli,03/02/12,31,29,24,3,0,129.16,3,caught,2,v Australia,Melbourne,135,2,19.4,6.86,132,1,131,10,19.4,6.66,NA,0,0,0,0,0,1,3,110,122.08,10
32,V Sehwag,03/02/12,23,32,16,2,1,143.75,2,caught,2,v Australia,Melbourne,135,2,19.4,6.86,132,1,131,10,19.4,6.66,NA,0,0,0,0,0,1,3,110,122.08,10
33,G Gambhir,30/03/12,49,36,28,7,1,175,2,not out,2,v South Africa,Johannesburg,71,0,7.5,9.06,83,0,219,4,20,10.95,NA,0,0,0,0,0,1,0,67,134.865,9
33,RV Uthappa,30/03/12,18,36,19,1,0,94.73,1,not out,2,v South Africa,Johannesburg,71,0,7.5,9.06,83,0,219,4,20,10.95,NA,0,0,0,0,0,1,0,67,134.865,9
34,AM Rahane,07/08/12,21,46,25,0,1,84,2,caught,1,v Sri Lanka,Pallekele,155,3,20,7.75,NA,1,116,10,18,6.44,156,1,1,0,0,1,2,5,95,100.22,14
34,G Gambhir,07/08/12,6,7,8,1,0,75,1,bowled,1,v Sri Lanka,Pallekele,155,3,20,7.75,NA,1,116,10,18,6.44,156,0,0,0,0,0,2,5,95,100.22,14
34,MS Dhoni,07/08/12,16,13,14,2,0,114.28,5,not out,1,v Sri Lanka,Pallekele,155,3,20,7.75,NA,1,116,10,18,6.44,156,2,2,0,2,0,2,5,95,100.22,14
34,SK Raina,07/08/12,34,43,25,3,1,136,4,not out,1,v Sri Lanka,Pallekele,155,3,20,7.75,NA,1,116,10,18,6.44,156,1,1,0,0,1,2,5,95,100.22,14
34,V Kohli,07/08/12,68,65,48,11,1,141.66,3,caught,1,v Sri Lanka,Pallekele,155,3,20,7.75,NA,1,116,10,18,6.44,156,1,1,0,0,1,2,5,95,100.22,14
35,G Gambhir,11/09/12,3,12,6,0,0,50,1,caught,2,v New Zealand,Chennai,166,4,20,8.3,168,0,167,5,20,8.35,NA,0,0,0,0,0,1,1,100,114.4833333333,14
35,MS Dhoni,11/09/12,22,31,23,2,0,95.65,5,not out,2,v New Zealand,Chennai,166,4,20,8.3,168,0,167,5,20,8.35,NA,0,0,0,0,0,1,1,100,114.4833333333,14
35,RG Sharma,11/09/12,4,2,2,0,0,200,6,not out,2,v New Zealand,Chennai,166,4,20,8.3,168,0,167,5,20,8.35,NA,0,0,0,0,0,1,1,100,114.4833333333,14
35,SK Raina,11/09/12,27,31,22,2,1,122.72,3,caught,2,v New Zealand,Chennai,166,4,20,8.3,168,0,167,5,20,8.35,NA,0,0,0,0,0,1,1,100,114.4833333333,14
35,V Kohli,11/09/12,70,67,41,10,1,170.73,2,caught,2,v New Zealand,Chennai,166,4,20,8.3,168,0,167,5,20,8.35,NA,0,0,0,0,0,1,1,100,114.4833333333,14
35,Yuvraj Singh,11/09/12,34,49,26,1,2,130.76,4,bowled,2,v New Zealand,Chennai,166,4,20,8.3,168,0,167,5,20,8.35,NA,1,1,0,0,1,1,1,100,114.4833333333,14
36,G Gambhir,19/09/12,10,14,8,1,0,125,1,bowled,1,v Afghanistan,Colombo (RPS),159,5,20,7.95,NA,1,136,10,19.3,6.97,160,1,1,0,0,1,2,5,68,111.0666666667,8
36,MS Dhoni,19/09/12,18,21,9,2,1,200,6,not out,1,v Afghanistan,Colombo (RPS),159,5,20,7.95,NA,1,136,10,19.3,6.97,160,1,1,0,1,0,2,5,68,111.0666666667,8
36,RG Sharma,19/09/12,1,2,1,0,0,100,7,not out,1,v Afghanistan,Colombo (RPS),159,5,20,7.95,NA,1,136,10,19.3,6.97,160,1,1,0,0,1,2,5,68,111.0666666667,8
36,SK Raina,19/09/12,38,42,33,6,0,115.15,5,bowled,1,v Afghanistan,Colombo (RPS),159,5,20,7.95,NA,1,136,10,19.3,6.97,160,1,1,0,0,1,2,5,68,111.0666666667,8
36,V Kohli,19/09/12,50,60,39,4,2,128.2,3,caught,1,v Afghanistan,Colombo (RPS),159,5,20,7.95,NA,1,136,10,19.3,6.97,160,0,0,0,0,0,2,5,68,111.0666666667,8
36,V Sehwag,19/09/12,8,25,10,1,0,80,2,caught,1,v Afghanistan,Colombo (RPS),159,5,20,7.95,NA,1,136,10,19.3,6.97,160,0,0,0,0,0,2,5,68,111.0666666667,8
36,Yuvraj Singh,19/09/12,18,26,20,0,1,90,4,caught,1,v Afghanistan,Colombo (RPS),159,5,20,7.95,NA,1,136,10,19.3,6.97,160,1,1,0,0,1,2,5,68,111.0666666667,8
37,G Gambhir,23/09/12,45,70,38,5,0,118.42,1,caught,1,v England,Colombo (RPS),170,4,20,8.5,NA,1,80,10,14.4,5.45,171,2,2,0,0,2,2,3,85,121.71,11
37,MS Dhoni,23/09/12,9,23,8,1,0,112.5,5,caught,1,v England,Colombo (RPS),170,4,20,8.5,NA,1,80,10,14.4,5.45,171,1,0,1,0,0,2,3,85,121.71,11
37,RG Sharma,23/09/12,55,48,33,5,1,166.66,4,not out,1,v England,Colombo (RPS),170,4,20,8.5,NA,1,80,10,14.4,5.45,171,0,0,0,0,0,2,3,85,121.71,11
37,SK Raina,23/09/12,1,2,1,0,0,100,6,not out,1,v England,Colombo (RPS),170,4,20,8.5,NA,1,80,10,14.4,5.45,171,0,0,0,0,0,2,3,85,121.71,11
37,V Kohli,23/09/12,40,33,32,6,0,125,3,caught,1,v England,Colombo (RPS),170,4,20,8.5,NA,1,80,10,14.4,5.45,171,1,1,0,0,1,2,3,85,121.71,11
38,G Gambhir,28/09/12,17,12,12,3,0,141.66,1,run out,1,v Australia,Colombo (RPS),140,7,20,7,NA,0,141,1,14.5,9.5,141,0,0,0,0,0,2,0,32,128.52,5
38,Harbhajan Singh,28/09/12,1,2,1,0,0,100,9,not out,1,v Australia,Colombo (RPS),140,7,20,7,NA,0,141,1,14.5,9.5,141,0,0,0,0,0,2,0,32,128.52,5
38,MS Dhoni,28/09/12,15,21,21,2,0,71.42,7,caught,1,v Australia,Colombo (RPS),140,7,20,7,NA,0,141,1,14.5,9.5,141,0,0,0,0,0,2,0,32,128.52,5
38,R Ashwin,28/09/12,16,18,12,1,1,133.33,8,not out,1,v Australia,Colombo (RPS),140,7,20,7,NA,0,141,1,14.5,9.5,141,0,0,0,0,0,2,0,32,128.52,5
38,RG Sharma,28/09/12,1,5,2,0,0,50,5,bowled,1,v Australia,Colombo (RPS),140,7,20,7,NA,0,141,1,14.5,9.5,141,0,0,0,0,0,2,0,32,128.52,5
38,SK Raina,28/09/12,26,40,19,4,0,136.84,6,caught,1,v Australia,Colombo (RPS),140,7,20,7,NA,0,141,1,14.5,9.5,141,0,0,0,0,0,2,0,32,128.52,5
38,V Kohli,28/09/12,15,18,13,2,0,115.38,3,caught,1,v Australia,Colombo (RPS),140,7,20,7,NA,0,141,1,14.5,9.5,141,0,0,0,0,0,2,0,32,128.52,5
38,Yuvraj Singh,28/09/12,8,11,10,1,0,80,4,caught,1,v Australia,Colombo (RPS),140,7,20,7,NA,0,141,1,14.5,9.5,141,0,0,0,0,0,2,0,32,128.52,5
39,G Gambhir,30/09/12,0,2,2,0,0,0,1,caught,2,v Pakistan,Colombo (RPS),129,2,17,7.58,129,1,128,10,19.4,6.5,NA,0,0,0,0,0,1,0,107,82.8966666667,14
39,V Kohli,30/09/12,78,61,61,8,2,127.86,3,not out,2,v Pakistan,Colombo (RPS),129,2,17,7.58,129,1,128,10,19.4,6.5,NA,0,0,0,0,0,1,0,107,82.8966666667,14
39,V Sehwag,30/09/12,29,38,24,4,0,120.83,2,caught,2,v Pakistan,Colombo (RPS),129,2,17,7.58,129,1,128,10,19.4,6.5,NA,0,0,0,0,0,1,0,107,82.8966666667,14
39,Yuvraj Singh,30/09/12,19,24,16,2,0,118.75,4,not out,2,v Pakistan,Colombo (RPS),129,2,17,7.58,129,1,128,10,19.4,6.5,NA,0,0,0,0,0,1,0,107,82.8966666667,14
40,G Gambhir,02/10/12,8,15,12,1,0,66.66,1,bowled,1,v South Africa,Colombo (RPS),152,6,20,7.6,NA,1,151,10,19.5,7.61,153,1,1,0,0,1,2,6,27,73.8033333333,3
40,MS Dhoni,02/10/12,23,20,13,3,0,176.92,7,not out,1,v South Africa,Colombo (RPS),152,6,20,7.6,NA,1,151,10,19.5,7.61,153,0,0,0,0,0,2,6,27,73.8033333333,3
40,RG Sharma,02/10/12,25,48,27,2,0,92.59,4,lbw,1,v South Africa,Colombo (RPS),152,6,20,7.6,NA,1,151,10,19.5,7.61,153,1,1,0,0,1,2,6,27,73.8033333333,3
40,SK Raina,02/10/12,45,45,34,5,0,132.35,6,run out,1,v South Africa,Colombo (RPS),152,6,20,7.6,NA,1,151,10,19.5,7.61,153,3,3,0,0,3,2,6,27,73.8033333333,3
40,V Kohli,02/10/12,2,5,6,0,0,33.33,3,caught,1,v South Africa,Colombo (RPS),152,6,20,7.6,NA,1,151,10,19.5,7.61,153,0,0,0,0,0,2,6,27,73.8033333333,3
40,V Sehwag,02/10/12,17,25,14,1,1,121.42,2,bowled,1,v South Africa,Colombo (RPS),152,6,20,7.6,NA,1,151,10,19.5,7.61,153,1,1,0,0,1,2,6,27,73.8033333333,3
40,Yuvraj Singh,02/10/12,21,18,15,1,2,140,5,bowled,1,v South Africa,Colombo (RPS),152,6,20,7.6,NA,1,151,10,19.5,7.61,153,0,0,0,0,0,2,6,27,73.8033333333,3
41,AM Rahane,20/12/12,19,25,13,0,2,146.15,2,caught,2,v England,Pune,158,5,17.5,8.85,158,1,157,6,20,7.85,NA,3,3,0,0,3,1,4,56,123.2233333333,7
41,G Gambhir,20/12/12,16,23,16,3,0,100,1,caught,2,v England,Pune,158,5,17.5,8.85,158,1,157,6,20,7.85,NA,0,0,0,0,0,1,4,56,123.2233333333,7
41,MS Dhoni,20/12/12,24,29,21,2,0,114.28,6,not out,2,v England,Pune,158,5,17.5,8.85,158,1,157,6,20,7.85,NA,0,0,0,0,0,1,4,56,123.2233333333,7
41,RA Jadeja,20/12/12,0,3,0,0,0,NA,7,not out,2,v England,Pune,158,5,17.5,8.85,158,1,157,6,20,7.85,NA,0,0,0,0,0,1,4,56,123.2233333333,7
41,SK Raina,20/12/12,26,36,19,1,1,136.84,5,run out,2,v England,Pune,158,5,17.5,8.85,158,1,157,6,20,7.85,NA,0,0,0,0,0,1,4,56,123.2233333333,7
41,V Kohli,20/12/12,21,35,17,2,0,123.52,3,bowled,2,v England,Pune,158,5,17.5,8.85,158,1,157,6,20,7.85,NA,1,1,0,0,1,1,4,56,123.2233333333,7
41,Yuvraj Singh,20/12/12,38,21,21,2,3,180.95,4,caught,2,v England,Pune,158,5,17.5,8.85,158,1,157,6,20,7.85,NA,0,0,0,0,0,1,4,56,123.2233333333,7
42,AM Rahane,22/12/12,3,8,5,0,0,60,2,caught,1,v England,Mumbai,177,8,20,8.85,NA,0,181,4,20,9.05,178,0,0,0,0,0,2,1,58,104.32,8
42,G Gambhir,22/12/12,17,52,27,1,0,62.96,1,caught,1,v England,Mumbai,177,8,20,8.85,NA,0,181,4,20,9.05,178,1,1,0,0,1,2,1,58,104.32,8
42,MS Dhoni,22/12/12,38,23,18,3,2,211.11,7,caught,1,v England,Mumbai,177,8,20,8.85,NA,0,181,4,20,9.05,178,1,0,1,0,0,2,1,58,104.32,8
42,R Ashwin,22/12/12,1,5,3,0,0,33.33,8,caught,1,v England,Mumbai,177,8,20,8.85,NA,0,181,4,20,9.05,178,0,0,0,0,0,2,1,58,104.32,8
42,RG Sharma,22/12/12,24,28,19,1,1,126.31,5,bowled,1,v England,Mumbai,177,8,20,8.85,NA,0,181,4,20,9.05,178,0,0,0,0,0,2,1,58,104.32,8
42,SK Raina,22/12/12,35,50,24,3,1,145.83,6,not out,1,v England,Mumbai,177,8,20,8.85,NA,0,181,4,20,9.05,178,0,0,0,0,0,2,1,58,104.32,8
42,V Kohli,22/12/12,38,25,20,7,0,190,3,lbw,1,v England,Mumbai,177,8,20,8.85,NA,0,181,4,20,9.05,178,0,0,0,0,0,2,1,58,104.32,8
42,Yuvraj Singh,22/12/12,4,6,5,0,0,80,4,caught,1,v England,Mumbai,177,8,20,8.85,NA,0,181,4,20,9.05,178,0,0,0,0,0,2,1,58,104.32,8
43,AM Rahane,25/12/12,42,43,31,5,1,135.48,2,caught,1,v Pakistan,Bangalore,133,9,20,6.65,NA,0,134,5,19.4,6.81,134,0,0,0,0,0,2,1,94,107.3866666667,10
43,G Gambhir,25/12/12,43,56,41,2,1,104.87,1,run out,1,v Pakistan,Bangalore,133,9,20,6.65,NA,0,134,5,19.4,6.81,134,0,0,0,0,0,2,1,94,107.3866666667,10
43,MS Dhoni,25/12/12,1,7,2,0,0,50,5,bowled,1,v Pakistan,Bangalore,133,9,20,6.65,NA,0,134,5,19.4,6.81,134,1,1,0,1,0,2,1,94,107.3866666667,10
43,RA Jadeja,25/12/12,2,4,4,0,0,50,8,caught,1,v Pakistan,Bangalore,133,9,20,6.65,NA,0,134,5,19.4,6.81,134,0,0,0,0,0,2,1,94,107.3866666667,10
43,RG Sharma,25/12/12,2,8,2,0,0,100,7,run out,1,v Pakistan,Bangalore,133,9,20,6.65,NA,0,134,5,19.4,6.81,134,0,0,0,0,0,2,1,94,107.3866666667,10
43,SK Raina,25/12/12,10,11,9,1,0,111.11,6,bowled,1,v Pakistan,Bangalore,133,9,20,6.65,NA,0,134,5,19.4,6.81,134,0,0,0,0,0,2,1,94,107.3866666667,10
43,V Kohli,25/12/12,9,15,11,1,0,81.81,3,caught,1,v Pakistan,Bangalore,133,9,20,6.65,NA,0,134,5,19.4,6.81,134,0,0,0,0,0,2,1,94,107.3866666667,10
43,Yuvraj Singh,25/12/12,10,21,9,0,1,111.11,4,caught,1,v Pakistan,Bangalore,133,9,20,6.65,NA,0,134,5,19.4,6.81,134,0,0,0,0,0,2,1,94,107.3866666667,10
44,AM Rahane,28/12/12,28,31,26,4,0,107.69,2,caught,1,v Pakistan,Ahmedabad,192,5,20,9.6,NA,1,181,7,20,9.05,193,1,1,0,0,1,2,5,76,140.4366666667,11
44,G Gambhir,28/12/12,21,22,11,4,0,190.9,1,lbw,1,v Pakistan,Ahmedabad,192,5,20,9.6,NA,1,181,7,20,9.05,193,0,0,0,0,0,2,5,76,140.4366666667,11
44,MS Dhoni,28/12/12,33,39,23,4,0,143.47,5,bowled,1,v Pakistan,Ahmedabad,192,5,20,9.6,NA,1,181,7,20,9.05,193,1,0,1,0,0,2,5,76,140.4366666667,11
44,RG Sharma,28/12/12,4,1,2,1,0,200,7,not out,1,v Pakistan,Ahmedabad,192,5,20,9.6,NA,1,181,7,20,9.05,193,1,1,0,0,1,2,5,76,140.4366666667,11
44,SK Raina,28/12/12,1,4,1,0,0,100,6,not out,1,v Pakistan,Ahmedabad,192,5,20,9.6,NA,1,181,7,20,9.05,193,1,1,0,0,1,2,5,76,140.4366666667,11
44,V Kohli,28/12/12,27,31,22,3,0,122.72,3,run out,1,v Pakistan,Ahmedabad,192,5,20,9.6,NA,1,181,7,20,9.05,193,2,2,0,0,2,2,5,76,140.4366666667,11
44,Yuvraj Singh,28/12/12,72,59,36,4,7,200,4,caught,1,v Pakistan,Ahmedabad,192,5,20,9.6,NA,1,181,7,20,9.05,193,0,0,0,0,0,2,5,76,140.4366666667,11
45,MS Dhoni,10/10/13,24,44,21,2,0,114.28,6,not out,2,v Australia,Rajkot,202,4,19.4,10.27,202,1,201,7,20,10.05,NA,1,1,0,1,0,1,2,59,138.19,9
45,RG Sharma,10/10/13,8,8,8,0,1,100,1,caught,2,v Australia,Rajkot,202,4,19.4,10.27,202,1,201,7,20,10.05,NA,0,0,0,0,0,1,2,59,138.19,9
45,S Dhawan,10/10/13,32,40,19,5,0,168.42,2,stumped,2,v Australia,Rajkot,202,4,19.4,10.27,202,1,201,7,20,10.05,NA,0,0,0,0,0,1,2,59,138.19,9
45,SK Raina,10/10/13,19,17,13,2,1,146.15,3,caught,2,v Australia,Rajkot,202,4,19.4,10.27,202,1,201,7,20,10.05,NA,0,0,0,0,0,1,2,59,138.19,9
45,V Kohli,10/10/13,29,26,22,2,1,131.81,4,caught,2,v Australia,Rajkot,202,4,19.4,10.27,202,1,201,7,20,10.05,NA,0,0,0,0,0,1,2,59,138.19,9
45,Yuvraj Singh,10/10/13,77,57,35,8,5,220,5,not out,2,v Australia,Rajkot,202,4,19.4,10.27,202,1,201,7,20,10.05,NA,1,1,0,0,1,1,2,59,138.19,9
46,RG Sharma,21/03/14,24,41,21,1,2,114.28,1,bowled,2,v Pakistan,Dhaka,131,3,18.3,7.08,131,1,130,7,20,6.5,NA,0,0,0,0,0,1,3,90,111.3066666667,13
46,S Dhawan,21/03/14,30,35,28,5,0,107.14,2,caught,2,v Pakistan,Dhaka,131,3,18.3,7.08,131,1,130,7,20,6.5,NA,0,0,0,0,0,1,3,90,111.3066666667,13
46,SK Raina,21/03/14,35,34,28,4,1,125,5,not out,2,v Pakistan,Dhaka,131,3,18.3,7.08,131,1,130,7,20,6.5,NA,3,3,0,0,3,1,3,90,111.3066666667,13
46,V Kohli,21/03/14,36,45,32,4,1,112.5,3,not out,2,v Pakistan,Dhaka,131,3,18.3,7.08,131,1,130,7,20,6.5,NA,0,0,0,0,0,1,3,90,111.3066666667,13
46,Yuvraj Singh,21/03/14,1,3,2,0,0,50,4,bowled,2,v Pakistan,Dhaka,131,3,18.3,7.08,131,1,130,7,20,6.5,NA,0,0,0,0,0,1,3,90,111.3066666667,13
47,RG Sharma,23/03/14,62,83,55,5,2,112.72,1,not out,2,v West Indies,Dhaka,130,3,19.4,6.61,130,1,129,7,20,6.45,NA,1,1,0,0,1,1,3,116,81.4733333333,13
47,S Dhawan,23/03/14,0,10,3,0,0,0,2,lbw,2,v West Indies,Dhaka,130,3,19.4,6.61,130,1,129,7,20,6.45,NA,1,1,0,0,1,1,3,116,81.4733333333,13
47,SK Raina,23/03/14,1,2,1,0,0,100,5,not out,2,v West Indies,Dhaka,130,3,19.4,6.61,130,1,129,7,20,6.45,NA,0,0,0,0,0,1,3,116,81.4733333333,13
47,V Kohli,23/03/14,54,51,41,5,1,131.7,3,bowled,2,v West Indies,Dhaka,130,3,19.4,6.61,130,1,129,7,20,6.45,NA,1,1,0,0,1,1,3,116,81.4733333333,13
47,Yuvraj Singh,23/03/14,10,19,19,1,0,52.63,4,caught,2,v West Indies,Dhaka,130,3,19.4,6.61,130,1,129,7,20,6.45,NA,0,0,0,0,0,1,3,116,81.4733333333,13
48,MS Dhoni,28/03/14,22,16,12,1,2,183.33,4,not out,2,v Bangladesh,Dhaka,141,2,18.3,7.62,139,1,138,7,20,6.9,NA,1,0,1,0,0,1,2,114,85.9766666667,10
48,RG Sharma,28/03/14,56,60,44,5,1,127.27,1,caught,2,v Bangladesh,Dhaka,141,2,18.3,7.62,139,1,138,7,20,6.9,NA,1,1,0,0,1,1,2,114,85.9766666667,10
48,S Dhawan,28/03/14,1,11,6,0,0,16.66,2,bowled,2,v Bangladesh,Dhaka,141,2,18.3,7.62,139,1,138,7,20,6.9,NA,0,0,0,0,0,1,2,114,85.9766666667,10
48,V Kohli,28/03/14,57,66,50,3,1,114,3,not out,2,v Bangladesh,Dhaka,141,2,18.3,7.62,139,1,138,7,20,6.9,NA,1,1,0,0,1,1,2,114,85.9766666667,10
49,AM Rahane,30/03/14,19,34,16,2,0,118.75,2,caught,1,v Australia,Dhaka,159,7,20,7.95,NA,1,86,10,16.2,5.26,160,1,1,0,0,1,2,7,47,129.9833333333,6
49,MS Dhoni,30/03/14,24,36,20,1,1,120,6,bowled,1,v Australia,Dhaka,159,7,20,7.95,NA,1,86,10,16.2,5.26,160,1,1,0,1,0,2,7,47,129.9833333333,6
49,R Ashwin,30/03/14,2,5,3,0,0,66.66,8,not out,1,v Australia,Dhaka,159,7,20,7.95,NA,1,86,10,16.2,5.26,160,0,0,0,0,0,2,7,47,129.9833333333,6
49,RA Jadeja,30/03/14,3,9,3,0,0,100,7,run out,1,v Australia,Dhaka,159,7,20,7.95,NA,1,86,10,16.2,5.26,160,2,2,0,0,2,2,7,47,129.9833333333,6
49,RG Sharma,30/03/14,5,1,3,1,0,166.66,1,caught,1,v Australia,Dhaka,159,7,20,7.95,NA,1,86,10,16.2,5.26,160,1,1,0,0,1,2,7,47,129.9833333333,6
49,SK Raina,30/03/14,6,11,10,0,0,60,5,caught,1,v Australia,Dhaka,159,7,20,7.95,NA,1,86,10,16.2,5.26,160,0,0,0,0,0,2,7,47,129.9833333333,6
49,V Kohli,30/03/14,23,23,22,2,1,104.54,3,caught,1,v Australia,Dhaka,159,7,20,7.95,NA,1,86,10,16.2,5.26,160,2,2,0,0,2,2,7,47,129.9833333333,6
49,Yuvraj Singh,30/03/14,60,61,43,5,4,139.53,4,caught,1,v Australia,Dhaka,159,7,20,7.95,NA,1,86,10,16.2,5.26,160,0,0,0,0,0,2,7,47,129.9833333333,6
50,AM Rahane,04/04/14,32,41,30,2,1,106.66,2,caught,2,v South Africa,Dhaka,176,4,19.1,9.18,173,1,172,4,20,8.6,NA,0,0,0,0,0,1,2,128,151.6333333333,15
50,MS Dhoni,04/04/14,0,3,1,0,0,0,6,not out,2,v South Africa,Dhaka,176,4,19.1,9.18,173,1,172,4,20,8.6,NA,1,1,0,1,0,1,2,128,151.6333333333,15
50,RG Sharma,04/04/14,24,17,13,4,1,184.61,1,caught,2,v South Africa,Dhaka,176,4,19.1,9.18,173,1,172,4,20,8.6,NA,1,1,0,0,1,1,2,128,151.6333333333,15
50,SK Raina,04/04/14,21,15,10,3,1,210,5,caught,2,v South Africa,Dhaka,176,4,19.1,9.18,173,1,172,4,20,8.6,NA,0,0,0,0,0,1,2,128,151.6333333333,15
50,V Kohli,04/04/14,72,67,44,5,2,163.63,3,not out,2,v South Africa,Dhaka,176,4,19.1,9.18,173,1,172,4,20,8.6,NA,0,0,0,0,0,1,2,128,151.6333333333,15
50,Yuvraj Singh,04/04/14,18,24,17,2,0,105.88,4,caught,2,v South Africa,Dhaka,176,4,19.1,9.18,173,1,172,4,20,8.6,NA,0,0,0,0,0,1,2,128,151.6333333333,15
51,AM Rahane,06/04/14,3,6,8,0,0,37.5,2,bowled,1,v Sri Lanka,Dhaka,130,4,20,6.5,NA,0,134,4,17.5,7.51,131,0,0,0,0,0,2,2,109,93.9266666667,12
51,MS Dhoni,06/04/14,4,10,7,0,0,57.14,5,not out,1,v Sri Lanka,Dhaka,130,4,20,6.5,NA,0,134,4,17.5,7.51,131,1,1,0,1,0,2,2,109,93.9266666667,12
51,RG Sharma,06/04/14,29,41,26,3,0,111.53,1,caught,1,v Sri Lanka,Dhaka,130,4,20,6.5,NA,0,134,4,17.5,7.51,131,0,0,0,0,0,2,2,109,93.9266666667,12
51,V Kohli,06/04/14,77,75,58,5,4,132.75,3,run out,1,v Sri Lanka,Dhaka,130,4,20,6.5,NA,0,134,4,17.5,7.51,131,1,1,0,0,1,2,2,109,93.9266666667,12
51,Yuvraj Singh,06/04/14,11,30,21,0,0,52.38,4,caught,1,v Sri Lanka,Dhaka,130,4,20,6.5,NA,0,134,4,17.5,7.51,131,0,0,0,0,0,2,2,109,93.9266666667,12
52,AM Rahane,07/09/14,8,6,4,0,1,200,1,bowled,2,v England,Birmingham,177,5,20,8.85,181,0,180,7,20,9,NA,4,4,0,0,4,1,4,107,159.6066666667,15
52,MS Dhoni,07/09/14,27,35,18,2,1,150,5,not out,2,v England,Birmingham,177,5,20,8.85,181,0,180,7,20,9,NA,0,0,0,0,0,1,4,107,159.6066666667,15
52,RA Jadeja,07/09/14,7,8,4,1,0,175,6,run out,2,v England,Birmingham,177,5,20,8.85,181,0,180,7,20,9,NA,0,0,0,0,0,1,4,107,159.6066666667,15
52,S Dhawan,07/09/14,33,40,28,2,2,117.85,2,bowled,2,v England,Birmingham,177,5,20,8.85,181,0,180,7,20,9,NA,0,0,0,0,0,1,4,107,159.6066666667,15
52,SK Raina,07/09/14,25,32,20,1,1,125,4,bowled,2,v England,Birmingham,177,5,20,8.85,181,0,180,7,20,9,NA,0,0,0,0,0,1,4,107,159.6066666667,15
52,V Kohli,07/09/14,66,54,41,9,1,160.97,3,caught,2,v England,Birmingham,177,5,20,8.85,181,0,180,7,20,9,NA,0,0,0,0,0,1,4,107,159.6066666667,15
53,AM Rahane,17/07/15,33,44,32,2,0,103.12,1,caught,1,v Zimbabwe,Harare,178,5,20,8.9,NA,1,124,7,20,6.2,179,1,1,0,0,1,2,2,106,131.16,10
53,Harbhajan Singh,17/07/15,8,3,3,1,0,266.66,7,not out,1,v Zimbabwe,Harare,178,5,20,8.9,NA,1,124,7,20,6.2,179,0,0,0,0,0,2,2,106,131.16,10
53,M Vijay,17/07/15,34,35,19,5,1,178.94,2,run out,1,v Zimbabwe,Harare,178,5,20,8.9,NA,1,124,7,20,6.2,179,0,0,0,0,0,2,2,106,131.16,10
53,MK Pandey,17/07/15,19,23,19,1,1,100,4,caught,1,v Zimbabwe,Harare,178,5,20,8.9,NA,1,124,7,20,6.2,179,1,1,0,0,1,2,2,106,131.16,10
53,RV Uthappa,17/07/15,39,57,35,2,0,111.42,3,not out,1,v Zimbabwe,Harare,178,5,20,8.9,NA,1,124,7,20,6.2,179,0,0,0,0,0,2,2,106,131.16,10
54,AM Rahane,19/07/15,4,NA,3,1,0,133.33,1,run out,2,v Zimbabwe,Harare,135,9,20,6.75,146,0,145,7,20,7.25,NA,0,0,0,0,0,1,1,59,139.8366666667,11
54,M Vijay,19/07/15,13,NA,11,0,1,118.18,2,bowled,2,v Zimbabwe,Harare,135,9,20,6.75,146,0,145,7,20,7.25,NA,0,0,0,0,0,1,1,59,139.8366666667,11
54,MK Pandey,19/07/15,0,NA,3,0,0,0,4,lbw,2,v Zimbabwe,Harare,135,9,20,6.75,146,0,145,7,20,7.25,NA,0,0,0,0,0,1,1,59,139.8366666667,11
54,RV Uthappa,19/07/15,42,NA,25,9,0,168,3,caught,2,v Zimbabwe,Harare,135,9,20,6.75,146,0,145,7,20,7.25,NA,1,1,0,1,0,1,1,59,139.8366666667,11
55,MS Dhoni,02/10/15,20,22,12,2,1,166.66,5,not out,1,v South Africa,Dharamsala,199,5,20,9.95,NA,0,200,3,19.4,10.16,200,0,0,0,0,0,2,0,152,131.6166666667,21
55,RG Sharma,02/10/15,106,79,66,12,5,160.6,1,caught,1,v South Africa,Dharamsala,199,5,20,9.95,NA,0,200,3,19.4,10.16,200,0,0,0,0,0,2,0,152,131.6166666667,21
55,S Dhawan,02/10/15,3,16,4,0,0,75,2,run out,1,v South Africa,Dharamsala,199,5,20,9.95,NA,0,200,3,19.4,10.16,200,0,0,0,0,0,2,0,152,131.6166666667,21
55,SK Raina,02/10/15,14,16,8,0,2,175,4,lbw,1,v South Africa,Dharamsala,199,5,20,9.95,NA,0,200,3,19.4,10.16,200,0,0,0,0,0,2,0,152,131.6166666667,21
55,V Kohli,02/10/15,43,58,27,1,3,159.25,3,caught,1,v South Africa,Dharamsala,199,5,20,9.95,NA,0,200,3,19.4,10.16,200,0,0,0,0,0,2,0,152,131.6166666667,21
56,Harbhajan Singh,05/10/15,0,1,1,0,0,0,8,bowled,1,v South Africa,Cuttack,92,10,17.2,5.3,NA,0,96,4,17.1,5.59,93,0,0,0,0,0,2,1,34,94.44,4
56,MS Dhoni,05/10/15,5,20,8,0,0,62.5,6,caught,1,v South Africa,Cuttack,92,10,17.2,5.3,NA,0,96,4,17.1,5.59,93,0,0,0,0,0,2,1,34,94.44,4
56,R Ashwin,05/10/15,11,24,15,1,0,73.33,9,bowled,1,v South Africa,Cuttack,92,10,17.2,5.3,NA,0,96,4,17.1,5.59,93,0,0,0,0,0,2,1,34,94.44,4
56,RG Sharma,05/10/15,22,40,24,2,0,91.66,1,run out,1,v South Africa,Cuttack,92,10,17.2,5.3,NA,0,96,4,17.1,5.59,93,1,1,0,0,1,2,1,34,94.44,4
56,S Dhawan,05/10/15,11,19,12,2,0,91.66,2,lbw,1,v South Africa,Cuttack,92,10,17.2,5.3,NA,0,96,4,17.1,5.59,93,0,0,0,0,0,2,1,34,94.44,4
56,SK Raina,05/10/15,22,46,24,3,0,91.66,4,caught,1,v South Africa,Cuttack,92,10,17.2,5.3,NA,0,96,4,17.1,5.59,93,0,0,0,0,0,2,1,34,94.44,4
56,V Kohli,05/10/15,1,3,1,0,0,100,3,run out,1,v South Africa,Cuttack,92,10,17.2,5.3,NA,0,96,4,17.1,5.59,93,0,0,0,0,0,2,1,34,94.44,4
57,MS Dhoni,26/01/16,11,3,3,1,1,366.66,5,not out,1,v Australia,Adelaide,188,3,20,9.4,NA,1,151,10,19.3,7.74,189,0,0,0,0,0,2,2,126,127.0433333333,16
57,RG Sharma,26/01/16,31,21,20,4,1,155,1,caught,1,v Australia,Adelaide,188,3,20,9.4,NA,1,151,10,19.3,7.74,189,0,0,0,0,0,2,2,126,127.0433333333,16
57,S Dhawan,26/01/16,5,24,8,0,0,62.5,2,caught,1,v Australia,Adelaide,188,3,20,9.4,NA,1,151,10,19.3,7.74,189,0,0,0,0,0,2,2,126,127.0433333333,16
57,SK Raina,26/01/16,41,63,34,3,1,120.58,4,bowled,1,v Australia,Adelaide,188,3,20,9.4,NA,1,151,10,19.3,7.74,189,0,0,0,0,0,2,2,126,127.0433333333,16
57,V Kohli,26/01/16,90,71,55,9,2,163.63,3,not out,1,v Australia,Adelaide,188,3,20,9.4,NA,1,151,10,19.3,7.74,189,2,2,0,0,2,2,2,126,127.0433333333,16
58,MS Dhoni,29/01/16,14,18,9,2,0,155.55,4,caught,1,v Australia,Melbourne,184,3,20,9.2,NA,1,157,8,20,7.85,185,3,1,2,1,0,2,1,161,145.8933333333,20
58,RG Sharma,29/01/16,60,69,47,5,2,127.65,1,run out,1,v Australia,Melbourne,184,3,20,9.2,NA,1,157,8,20,7.85,185,0,0,0,0,0,2,1,161,145.8933333333,20
58,S Dhawan,29/01/16,42,46,32,3,2,131.25,2,caught,1,v Australia,Melbourne,184,3,20,9.2,NA,1,157,8,20,7.85,185,0,0,0,0,0,2,1,161,145.8933333333,20
58,SK Raina,29/01/16,0,1,0,0,0,NA,5,not out,1,v Australia,Melbourne,184,3,20,9.2,NA,1,157,8,20,7.85,185,0,0,0,0,0,2,1,161,145.8933333333,20
58,V Kohli,29/01/16,59,44,33,7,1,178.78,3,not out,1,v Australia,Melbourne,184,3,20,9.2,NA,1,157,8,20,7.85,185,0,0,0,0,0,2,1,161,145.8933333333,20
59,RG Sharma,31/01/16,52,57,38,5,1,136.84,1,caught,2,v Australia,Sydney,200,3,20,10,198,1,197,5,20,9.85,NA,0,0,0,0,0,1,1,128,188.2,14
59,S Dhawan,31/01/16,26,18,9,4,1,288.88,2,caught,2,v Australia,Sydney,200,3,20,10,198,1,197,5,20,9.85,NA,0,0,0,0,0,1,1,128,188.2,14
59,SK Raina,31/01/16,49,38,25,6,1,196,4,not out,2,v Australia,Sydney,200,3,20,10,198,1,197,5,20,9.85,NA,1,1,0,0,1,1,1,128,188.2,14
59,V Kohli,31/01/16,50,49,36,2,1,138.88,3,bowled,2,v Australia,Sydney,200,3,20,10,198,1,197,5,20,9.85,NA,0,0,0,0,0,1,1,128,188.2,14
59,Yuvraj Singh,31/01/16,15,28,12,1,1,125,5,not out,2,v Australia,Sydney,200,3,20,10,198,1,197,5,20,9.85,NA,0,0,0,0,0,1,1,128,188.2,14
60,AM Rahane,09/02/16,4,3,4,1,0,100,3,caught,1,v Sri Lanka,Pune,101,10,18.5,5.36,NA,0,105,5,18,5.83,102,0,0,0,0,0,2,3,13,56.41,2
60,HH Pandya,09/02/16,2,10,6,0,0,33.33,7,lbw,1,v Sri Lanka,Pune,101,10,18.5,5.36,NA,0,105,5,18,5.83,102,0,0,0,0,0,2,3,13,56.41,2
60,MS Dhoni,09/02/16,2,2,2,0,0,100,6,caught,1,v Sri Lanka,Pune,101,10,18.5,5.36,NA,0,105,5,18,5.83,102,0,0,0,0,0,2,3,13,56.41,2
60,R Ashwin,09/02/16,31,33,24,5,0,129.16,9,not out,1,v Sri Lanka,Pune,101,10,18.5,5.36,NA,0,105,5,18,5.83,102,0,0,0,0,0,2,3,13,56.41,2
60,RA Jadeja,09/02/16,6,15,9,0,0,66.66,8,lbw,1,v Sri Lanka,Pune,101,10,18.5,5.36,NA,0,105,5,18,5.83,102,0,0,0,0,0,2,3,13,56.41,2
60,RG Sharma,09/02/16,0,2,2,0,0,0,1,caught,1,v Sri Lanka,Pune,101,10,18.5,5.36,NA,0,105,5,18,5.83,102,0,0,0,0,0,2,3,13,56.41,2
60,S Dhawan,09/02/16,9,25,13,0,1,69.23,2,caught,1,v Sri Lanka,Pune,101,10,18.5,5.36,NA,0,105,5,18,5.83,102,2,2,0,0,2,2,3,13,56.41,2
60,SK Raina,09/02/16,20,33,20,1,1,100,4,bowled,1,v Sri Lanka,Pune,101,10,18.5,5.36,NA,0,105,5,18,5.83,102,1,1,0,0,1,2,3,13,56.41,2
60,Yuvraj Singh,09/02/16,10,22,14,0,1,71.42,5,caught,1,v Sri Lanka,Pune,101,10,18.5,5.36,NA,0,105,5,18,5.83,102,0,0,0,0,0,2,3,13,56.41,2
61,AM Rahane,12/02/16,25,NA,21,3,0,119.04,3,caught,1,v Sri Lanka,Ranchi,196,6,20,9.8,NA,1,127,9,20,6.35,197,1,1,0,0,1,2,5,119,147.4933333333,15
61,HH Pandya,12/02/16,27,NA,12,1,2,225,5,caught,1,v Sri Lanka,Ranchi,196,6,20,9.8,NA,1,127,9,20,6.35,197,1,1,0,0,1,2,5,119,147.4933333333,15
61,MS Dhoni,12/02/16,9,NA,5,1,0,180,6,not out,1,v Sri Lanka,Ranchi,196,6,20,9.8,NA,1,127,9,20,6.35,197,3,1,2,1,0,2,5,119,147.4933333333,15
61,RA Jadeja,12/02/16,1,NA,1,0,0,100,8,not out,1,v Sri Lanka,Ranchi,196,6,20,9.8,NA,1,127,9,20,6.35,197,0,0,0,0,0,2,5,119,147.4933333333,15
61,RG Sharma,12/02/16,43,NA,36,2,1,119.44,1,caught,1,v Sri Lanka,Ranchi,196,6,20,9.8,NA,1,127,9,20,6.35,197,0,0,0,0,0,2,5,119,147.4933333333,15
61,S Dhawan,12/02/16,51,NA,25,7,2,204,2,caught,1,v Sri Lanka,Ranchi,196,6,20,9.8,NA,1,127,9,20,6.35,197,0,0,0,0,0,2,5,119,147.4933333333,15
61,SK Raina,12/02/16,30,NA,19,5,0,157.89,4,caught,1,v Sri Lanka,Ranchi,196,6,20,9.8,NA,1,127,9,20,6.35,197,1,1,0,0,1,2,5,119,147.4933333333,15
61,Yuvraj Singh,12/02/16,0,NA,1,0,0,0,7,caught,1,v Sri Lanka,Ranchi,196,6,20,9.8,NA,1,127,9,20,6.35,197,1,1,0,0,1,2,5,119,147.4933333333,15
62,AM Rahane,14/02/16,22,NA,24,1,0,91.66,3,not out,2,v Sri Lanka,Visakhapatnam,84,1,13.5,6.07,83,1,82,10,18,4.55,NA,0,0,0,0,0,1,0,81,97.22,9
62,RG Sharma,14/02/16,13,NA,13,1,1,100,1,lbw,2,v Sri Lanka,Visakhapatnam,84,1,13.5,6.07,83,1,82,10,18,4.55,NA,0,0,0,0,0,1,0,81,97.22,9
62,S Dhawan,14/02/16,46,NA,46,5,1,100,2,not out,2,v Sri Lanka,Visakhapatnam,84,1,13.5,6.07,83,1,82,10,18,4.55,NA,0,0,0,0,0,1,0,81,97.22,9
63,HH Pandya,24/02/16,31,25,18,4,1,172.22,6,caught,1,v Bangladesh,Dhaka,166,6,20,8.3,NA,1,121,7,20,6.05,167,0,0,0,0,0,2,5,92,86.41,11
63,MS Dhoni,24/02/16,8,4,2,0,1,400,7,not out,1,v Bangladesh,Dhaka,166,6,20,8.3,NA,1,121,7,20,6.05,167,2,2,0,2,0,2,5,92,86.41,11
63,RA Jadeja,24/02/16,0,1,0,0,0,NA,8,not out,1,v Bangladesh,Dhaka,166,6,20,8.3,NA,1,121,7,20,6.05,167,1,1,0,0,1,2,5,92,86.41,11
63,RG Sharma,24/02/16,83,90,55,7,3,150.9,1,caught,1,v Bangladesh,Dhaka,166,6,20,8.3,NA,1,121,7,20,6.05,167,1,1,0,0,1,2,5,92,86.41,11
63,S Dhawan,24/02/16,2,6,4,0,0,50,2,bowled,1,v Bangladesh,Dhaka,166,6,20,8.3,NA,1,121,7,20,6.05,167,0,0,0,0,0,2,5,92,86.41,11
63,SK Raina,24/02/16,13,14,13,2,0,100,4,bowled,1,v Bangladesh,Dhaka,166,6,20,8.3,NA,1,121,7,20,6.05,167,0,0,0,0,0,2,5,92,86.41,11
63,V Kohli,24/02/16,7,13,12,1,0,58.33,3,caught,1,v Bangladesh,Dhaka,166,6,20,8.3,NA,1,121,7,20,6.05,167,0,0,0,0,0,2,5,92,86.41,11
63,Yuvraj Singh,24/02/16,15,29,16,1,0,93.75,5,caught,1,v Bangladesh,Dhaka,166,6,20,8.3,NA,1,121,7,20,6.05,167,1,1,0,0,1,2,5,92,86.41,11
64,AM Rahane,27/02/16,0,5,1,0,0,0,2,lbw,2,v Pakistan,Dhaka,85,5,15.3,5.48,84,1,83,10,17.3,4.74,NA,1,1,0,0,1,1,4,49,32.0233333333,7
64,HH Pandya,27/02/16,0,1,2,0,0,0,6,caught,2,v Pakistan,Dhaka,85,5,15.3,5.48,84,1,83,10,17.3,4.74,NA,0,0,0,0,0,1,4,49,32.0233333333,7
64,MS Dhoni,27/02/16,7,6,3,1,0,233.33,7,not out,2,v Pakistan,Dhaka,85,5,15.3,5.48,84,1,83,10,17.3,4.74,NA,2,2,0,2,0,1,4,49,32.0233333333,7
64,RG Sharma,27/02/16,0,2,2,0,0,0,1,lbw,2,v Pakistan,Dhaka,85,5,15.3,5.48,84,1,83,10,17.3,4.74,NA,0,0,0,0,0,1,4,49,32.0233333333,7
64,SK Raina,27/02/16,1,10,4,0,0,25,4,caught,2,v Pakistan,Dhaka,85,5,15.3,5.48,84,1,83,10,17.3,4.74,NA,1,1,0,0,1,1,4,49,32.0233333333,7
64,V Kohli,27/02/16,49,71,51,7,0,96.07,3,lbw,2,v Pakistan,Dhaka,85,5,15.3,5.48,84,1,83,10,17.3,4.74,NA,0,0,0,0,0,1,4,49,32.0233333333,7
64,Yuvraj Singh,27/02/16,14,66,32,2,0,43.75,5,not out,2,v Pakistan,Dhaka,85,5,15.3,5.48,84,1,83,10,17.3,4.74,NA,0,0,0,0,0,1,4,49,32.0233333333,7
65,HH Pandya,01/03/16,2,3,4,0,0,50,6,bowled,2,v Sri Lanka,Dhaka,142,5,19.2,7.34,139,1,138,9,20,6.9,NA,1,1,0,0,1,1,4,72,86.5366666667,10
65,MS Dhoni,01/03/16,7,7,4,0,1,175,7,not out,2,v Sri Lanka,Dhaka,142,5,19.2,7.34,139,1,138,9,20,6.9,NA,3,2,1,2,0,1,4,72,86.5366666667,10
65,RG Sharma,01/03/16,15,15,14,3,0,107.14,2,caught,2,v Sri Lanka,Dhaka,142,5,19.2,7.34,139,1,138,9,20,6.9,NA,0,0,0,0,0,1,4,72,86.5366666667,10
65,S Dhawan,01/03/16,1,9,3,0,0,33.33,1,caught,2,v Sri Lanka,Dhaka,142,5,19.2,7.34,139,1,138,9,20,6.9,NA,0,0,0,0,0,1,4,72,86.5366666667,10
65,SK Raina,01/03/16,25,35,26,2,0,96.15,4,caught,2,v Sri Lanka,Dhaka,142,5,19.2,7.34,139,1,138,9,20,6.9,NA,1,1,0,0,1,1,4,72,86.5366666667,10
65,V Kohli,01/03/16,56,85,47,7,0,119.14,3,not out,2,v Sri Lanka,Dhaka,142,5,19.2,7.34,139,1,138,9,20,6.9,NA,0,0,0,0,0,1,4,72,86.5366666667,10
65,Yuvraj Singh,01/03/16,35,30,18,3,3,194.44,5,caught,2,v Sri Lanka,Dhaka,142,5,19.2,7.34,139,1,138,9,20,6.9,NA,0,0,0,0,0,1,4,72,86.5366666667,10
66,RG Sharma,03/03/16,39,26,28,7,1,139.28,1,caught,2,v U.A.E.,Dhaka,82,1,10.1,8.06,82,1,81,9,20,4.05,NA,0,0,0,0,0,1,0,80,132.6166666667,16
66,S Dhawan,03/03/16,16,46,20,3,0,80,2,not out,2,v U.A.E.,Dhaka,82,1,10.1,8.06,82,1,81,9,20,4.05,NA,0,0,0,0,0,1,0,80,132.6166666667,16
66,Yuvraj Singh,03/03/16,25,19,14,4,1,178.57,3,not out,2,v U.A.E.,Dhaka,82,1,10.1,8.06,82,1,81,9,20,4.05,NA,0,0,0,0,0,1,0,80,132.6166666667,16
67,MS Dhoni,06/03/16,20,7,6,1,2,333.33,4,not out,2,v Bangladesh,Dhaka,122,2,13.5,8.81,121,1,120,5,15,8,NA,0,0,0,0,0,1,1,102,100.9266666667,15
67,RG Sharma,06/03/16,1,8,5,0,0,20,1,caught,2,v Bangladesh,Dhaka,122,2,13.5,8.81,121,1,120,5,15,8,NA,0,0,0,0,0,1,1,102,100.9266666667,15
67,S Dhawan,06/03/16,60,63,44,9,1,136.36,2,caught,2,v Bangladesh,Dhaka,122,2,13.5,8.81,121,1,120,5,15,8,NA,0,0,0,0,0,1,1,102,100.9266666667,15
67,V Kohli,06/03/16,41,62,28,5,0,146.42,3,not out,2,v Bangladesh,Dhaka,122,2,13.5,8.81,121,1,120,5,15,8,NA,1,1,0,0,1,1,1,102,100.9266666667,15
68,HH Pandya,15/03/16,1,NA,7,0,0,14.28,7,lbw,2,v New Zealand,Nagpur,79,10,18.1,4.34,127,0,126,7,20,6.3,NA,1,1,0,0,1,1,2,29,63.31,2
68,MS Dhoni,15/03/16,30,NA,30,1,1,100,6,caught,2,v New Zealand,Nagpur,79,10,18.1,4.34,127,0,126,7,20,6.3,NA,2,1,1,1,0,1,2,29,63.31,2
68,R Ashwin,15/03/16,10,NA,20,0,0,50,9,stumped,2,v New Zealand,Nagpur,79,10,18.1,4.34,127,0,126,7,20,6.3,NA,0,0,0,0,0,1,2,29,63.31,2
68,RA Jadeja,15/03/16,0,NA,3,0,0,0,8,caught,2,v New Zealand,Nagpur,79,10,18.1,4.34,127,0,126,7,20,6.3,NA,0,0,0,0,0,1,2,29,63.31,2
68,RG Sharma,15/03/16,5,NA,7,0,0,71.42,1,stumped,2,v New Zealand,Nagpur,79,10,18.1,4.34,127,0,126,7,20,6.3,NA,0,0,0,0,0,1,2,29,63.31,2
68,S Dhawan,15/03/16,1,NA,3,0,0,33.33,2,lbw,2,v New Zealand,Nagpur,79,10,18.1,4.34,127,0,126,7,20,6.3,NA,0,0,0,0,0,1,2,29,63.31,2
68,SK Raina,15/03/16,1,NA,2,0,0,50,4,caught,2,v New Zealand,Nagpur,79,10,18.1,4.34,127,0,126,7,20,6.3,NA,0,0,0,0,0,1,2,29,63.31,2
68,V Kohli,15/03/16,23,NA,27,2,0,85.18,3,caught,2,v New Zealand,Nagpur,79,10,18.1,4.34,127,0,126,7,20,6.3,NA,0,0,0,0,0,1,2,29,63.31,2
68,Yuvraj Singh,15/03/16,4,NA,5,1,0,80,5,caught,2,v New Zealand,Nagpur,79,10,18.1,4.34,127,0,126,7,20,6.3,NA,0,0,0,0,0,1,2,29,63.31,2
69,MS Dhoni,19/03/16,13,15,9,0,1,144.44,6,not out,2,v Pakistan,Kolkata,119,4,15.5,7.51,119,1,118,5,18,6.55,NA,1,1,0,1,0,1,2,71,93.18,11
69,RG Sharma,19/03/16,10,11,11,2,0,90.9,1,caught,2,v Pakistan,Kolkata,119,4,15.5,7.51,119,1,118,5,18,6.55,NA,0,0,0,0,0,1,2,71,93.18,11
69,S Dhawan,19/03/16,6,24,15,1,0,40,2,bowled,2,v Pakistan,Kolkata,119,4,15.5,7.51,119,1,118,5,18,6.55,NA,0,0,0,0,0,1,2,71,93.18,11
69,SK Raina,19/03/16,0,1,1,0,0,0,4,bowled,2,v Pakistan,Kolkata,119,4,15.5,7.51,119,1,118,5,18,6.55,NA,0,0,0,0,0,1,2,71,93.18,11
69,V Kohli,19/03/16,55,66,37,7,1,148.64,3,not out,2,v Pakistan,Kolkata,119,4,15.5,7.51,119,1,118,5,18,6.55,NA,1,1,0,0,1,1,2,71,93.18,11
69,Yuvraj Singh,19/03/16,24,35,23,1,1,104.34,5,caught,2,v Pakistan,Kolkata,119,4,15.5,7.51,119,1,118,5,18,6.55,NA,0,0,0,0,0,1,2,71,93.18,11
70,HH Pandya,23/03/16,15,9,7,2,1,214.28,5,caught,1,v Bangladesh,Bangalore,146,7,20,7.3,NA,1,145,9,20,7.25,147,1,1,0,0,1,2,5,65,105.68,6
70,MS Dhoni,23/03/16,13,29,12,1,0,108.33,6,not out,1,v Bangladesh,Bangalore,146,7,20,7.3,NA,1,145,9,20,7.25,147,2,0,2,0,0,2,5,65,105.68,6
70,R Ashwin,23/03/16,5,4,2,1,0,250,9,not out,1,v Bangladesh,Bangalore,146,7,20,7.3,NA,1,145,9,20,7.25,147,0,0,0,0,0,2,5,65,105.68,6
70,RA Jadeja,23/03/16,12,15,8,2,0,150,8,bowled,1,v Bangladesh,Bangalore,146,7,20,7.3,NA,1,145,9,20,7.25,147,1,1,0,0,1,2,5,65,105.68,6
70,RG Sharma,23/03/16,18,29,16,1,1,112.5,1,caught,1,v Bangladesh,Bangalore,146,7,20,7.3,NA,1,145,9,20,7.25,147,0,0,0,0,0,2,5,65,105.68,6
70,S Dhawan,23/03/16,23,33,22,2,1,104.54,2,lbw,1,v Bangladesh,Bangalore,146,7,20,7.3,NA,1,145,9,20,7.25,147,1,1,0,0,1,2,5,65,105.68,6
70,SK Raina,23/03/16,30,40,23,1,2,130.43,4,caught,1,v Bangladesh,Bangalore,146,7,20,7.3,NA,1,145,9,20,7.25,147,1,1,0,0,1,2,5,65,105.68,6
70,V Kohli,23/03/16,24,37,24,0,1,100,3,bowled,1,v Bangladesh,Bangalore,146,7,20,7.3,NA,1,145,9,20,7.25,147,1,1,0,0,1,2,5,65,105.68,6
70,Yuvraj Singh,23/03/16,3,8,6,0,0,50,7,caught,1,v Bangladesh,Bangalore,146,7,20,7.3,NA,1,145,9,20,7.25,147,0,0,0,0,0,2,5,65,105.68,6
71,MS Dhoni,27/03/16,18,29,10,3,0,180,6,not out,2,v Australia,Mohali,161,4,19.1,8.4,161,1,160,6,20,8,NA,3,2,1,2,0,1,4,107,113.23,14
71,RG Sharma,27/03/16,12,25,17,1,0,70.58,1,bowled,2,v Australia,Mohali,161,4,19.1,8.4,161,1,160,6,20,8,NA,0,0,0,0,0,1,4,107,113.23,14
71,S Dhawan,27/03/16,13,16,12,1,1,108.33,2,caught,2,v Australia,Mohali,161,4,19.1,8.4,161,1,160,6,20,8,NA,1,1,0,0,1,1,4,107,113.23,14
71,SK Raina,27/03/16,10,9,7,1,0,142.85,4,caught,2,v Australia,Mohali,161,4,19.1,8.4,161,1,160,6,20,8,NA,0,0,0,0,0,1,4,107,113.23,14
71,V Kohli,27/03/16,82,78,51,9,2,160.78,3,not out,2,v Australia,Mohali,161,4,19.1,8.4,161,1,160,6,20,8,NA,1,1,0,0,1,1,4,107,113.23,14
71,Yuvraj Singh,27/03/16,21,31,18,1,1,116.66,5,caught,2,v Australia,Mohali,161,4,19.1,8.4,161,1,160,6,20,8,NA,0,0,0,0,0,1,4,107,113.23,14
72,AM Rahane,31/03/16,40,68,35,2,0,114.28,2,caught,1,v West Indies,Mumbai,192,2,20,9.6,NA,0,196,3,19.4,9.96,193,1,1,0,0,1,2,2,172,147.4466666667,20
72,MS Dhoni,31/03/16,15,24,9,1,0,166.66,4,not out,1,v West Indies,Mumbai,192,2,20,9.6,NA,0,196,3,19.4,9.96,193,0,0,0,0,0,2,2,172,147.4466666667,20
72,RG Sharma,31/03/16,43,29,31,3,3,138.7,1,lbw,1,v West Indies,Mumbai,192,2,20,9.6,NA,0,196,3,19.4,9.96,193,1,1,0,0,1,2,2,172,147.4466666667,20
72,V Kohli,31/03/16,89,63,47,11,1,189.36,3,not out,1,v West Indies,Mumbai,192,2,20,9.6,NA,0,196,3,19.4,9.96,193,0,0,0,0,0,2,2,172,147.4466666667,20
