Date,Match.Number,Batsman,Runs,Mins,BF,X4s,X6s,SR,Pos,Dismissal,Inns,Opposition,Ground,Score,Wickets.Lost,Overs,RPO,Target,Result,Op.Score,Op.Wickets.Lost,Op.Overs,Op.RPO,Op.Target,Op.Inns
01/12/06,1,MS Dhoni,0,8,2,0,0,0,4,bowled,2,v South Africa,Johannesburg,127,4,19.5,6.4,127,1,126,9,20,6.3,NA,1
01/12/06,1,V Sehwag,34,45,29,5,1,117.24,1,run out,2,v South Africa,Johannesburg,127,4,19.5,6.4,127,1,126,9,20,6.3,NA,1
01/12/06,1,SR Tendulkar,10,18,12,2,0,83.33,2,bowled,2,v South Africa,Johannesburg,127,4,19.5,6.4,127,1,126,9,20,6.3,NA,1
01/12/06,1,SK Raina,3,15,4,0,0,75,6,not out,2,v South Africa,Johannesburg,127,4,19.5,6.4,127,1,126,9,20,6.3,NA,1
01/12/06,1,KD Karthik,31,44,28,3,1,110.71,5,not out,2,v South Africa,Johannesburg,127,4,19.5,6.4,127,1,126,9,20,6.3,NA,1
14/09/07,2,Harbhajan Singh,1,4,4,0,0,25,8,bowled,1,v Pakistan,Durban,141,9,20,7.05,NA,NA,141,7,20,7.05,142,2
14/09/07,2,G Gambhir,0,2,3,0,0,0,1,caught,1,v Pakistan,Durban,141,9,20,7.05,NA,NA,141,7,20,7.05,142,2
14/09/07,2,RV Uthappa,50,52,39,4,2,128.2,3,caught,1,v Pakistan,Durban,141,9,20,7.05,NA,NA,141,7,20,7.05,142,2
14/09/07,2,Yuvraj Singh,1,8,4,0,0,25,4,caught,1,v Pakistan,Durban,141,9,20,7.05,NA,NA,141,7,20,7.05,142,2
14/09/07,2,V Sehwag,5,10,3,1,0,166.66,2,bowled,1,v Pakistan,Durban,141,9,20,7.05,NA,NA,141,7,20,7.05,142,2
14/09/07,2,KD Karthik,11,12,9,2,0,122.22,5,bowled,1,v Pakistan,Durban,141,9,20,7.05,NA,NA,141,7,20,7.05,142,2
14/09/07,2,MS Dhoni,33,46,31,3,1,106.45,6,caught,1,v Pakistan,Durban,141,9,20,7.05,NA,NA,141,7,20,7.05,142,2
16/09/07,3,Harbhajan Singh,7,7,6,1,0,116.66,9,caught,2,v New Zealand,Johannesburg,180,9,20,9,191,0,190,10,20,9.5,NA,1
16/09/07,3,RV Uthappa,0,3,2,0,0,0,3,caught,2,v New Zealand,Johannesburg,180,9,20,9,191,0,190,10,20,9.5,NA,1
16/09/07,3,V Sehwag,40,24,17,6,2,235.29,2,caught,2,v New Zealand,Johannesburg,180,9,20,9,191,0,190,10,20,9.5,NA,1
16/09/07,3,G Gambhir,51,45,33,5,2,154.54,1,caught,2,v New Zealand,Johannesburg,180,9,20,9,191,0,190,10,20,9.5,NA,1
16/09/07,3,Yuvraj Singh,5,8,7,0,0,71.42,5,caught,2,v New Zealand,Johannesburg,180,9,20,9,191,0,190,10,20,9.5,NA,1
16/09/07,3,MS Dhoni,24,31,20,2,0,120,4,run out,2,v New Zealand,Johannesburg,180,9,20,9,191,0,190,10,20,9.5,NA,1
16/09/07,3,KD Karthik,17,18,12,3,0,141.66,6,caught,2,v New Zealand,Johannesburg,180,9,20,9,191,0,190,10,20,9.5,NA,1
19/09/07,4,G Gambhir,58,62,41,7,1,141.46,1,caught,1,v England,Durban,218,4,20,10.9,NA,1,200,6,20,10,219,2
19/09/07,4,RV Uthappa,6,8,4,1,0,150,3,bowled,1,v England,Durban,218,4,20,10.9,NA,1,200,6,20,10,219,2
19/09/07,4,V Sehwag,68,59,52,4,3,130.76,2,bowled,1,v England,Durban,218,4,20,10.9,NA,1,200,6,20,10,219,2
19/09/07,4,Yuvraj Singh,58,14,16,3,7,362.5,5,caught,1,v England,Durban,218,4,20,10.9,NA,1,200,6,20,10,219,2
19/09/07,4,MS Dhoni,10,22,8,0,0,125,4,not out,1,v England,Durban,218,4,20,10.9,NA,1,200,6,20,10,219,2
20/09/07,5,V Sehwag,11,23,11,1,0,100,2,caught,1,v South Africa,Durban,153,5,20,7.65,NA,1,116,9,20,5.8,154,2
20/09/07,5,KD Karthik,0,1,1,0,0,0,3,caught,1,v South Africa,Durban,153,5,20,7.65,NA,1,116,9,20,5.8,154,2
20/09/07,5,RV Uthappa,15,22,16,1,1,93.75,4,caught,1,v South Africa,Durban,153,5,20,7.65,NA,1,116,9,20,5.8,154,2
20/09/07,5,G Gambhir,19,19,19,3,0,100,1,caught,1,v South Africa,Durban,153,5,20,7.65,NA,1,116,9,20,5.8,154,2
20/09/07,5,RG Sharma,50,52,40,7,2,125,5,not out,1,v South Africa,Durban,153,5,20,7.65,NA,1,116,9,20,5.8,154,2
20/09/07,5,MS Dhoni,45,39,33,4,1,136.36,6,run out,1,v South Africa,Durban,153,5,20,7.65,NA,1,116,9,20,5.8,154,2
22/09/07,6,G Gambhir,24,37,25,4,0,96,1,caught,1,v Australia,Durban,188,5,20,9.4,NA,1,173,7,20,8.65,189,2
22/09/07,6,MS Dhoni,36,21,18,4,1,200,5,run out,1,v Australia,Durban,188,5,20,9.4,NA,1,173,7,20,8.65,189,2
22/09/07,6,RV Uthappa,34,38,28,1,3,121.42,3,run out,1,v Australia,Durban,188,5,20,9.4,NA,1,173,7,20,8.65,189,2
22/09/07,6,V Sehwag,9,25,13,1,0,69.23,2,caught,1,v Australia,Durban,188,5,20,9.4,NA,1,173,7,20,8.65,189,2
22/09/07,6,Yuvraj Singh,70,38,30,5,5,233.33,4,caught,1,v Australia,Durban,188,5,20,9.4,NA,1,173,7,20,8.65,189,2
22/09/07,6,RG Sharma,8,11,5,0,1,160,6,not out,1,v Australia,Durban,188,5,20,9.4,NA,1,173,7,20,8.65,189,2
24/09/07,7,YK Pathan,15,12,8,1,1,187.5,2,caught,1,v Pakistan,Johannesburg,157,5,20,7.85,NA,1,152,10,19.3,7.79,158,2
24/09/07,7,RG Sharma,30,22,16,2,1,187.5,6,not out,1,v Pakistan,Johannesburg,157,5,20,7.85,NA,1,152,10,19.3,7.79,158,2
24/09/07,7,MS Dhoni,6,9,10,0,0,60,5,bowled,1,v Pakistan,Johannesburg,157,5,20,7.85,NA,1,152,10,19.3,7.79,158,2
24/09/07,7,RV Uthappa,8,13,11,1,0,72.72,3,caught,1,v Pakistan,Johannesburg,157,5,20,7.85,NA,1,152,10,19.3,7.79,158,2
24/09/07,7,G Gambhir,75,76,54,8,2,138.88,1,caught,1,v Pakistan,Johannesburg,157,5,20,7.85,NA,1,152,10,19.3,7.79,158,2
24/09/07,7,Yuvraj Singh,14,28,19,1,0,73.68,4,caught,1,v Pakistan,Johannesburg,157,5,20,7.85,NA,1,152,10,19.3,7.79,158,2
20/10/07,8,RV Uthappa,35,38,26,6,0,134.61,3,caught,2,v Australia,Mumbai (BS),167,3,18.1,9.19,167,1,166,5,20,8.3,NA,1
20/10/07,8,G Gambhir,63,74,52,6,1,121.15,1,caught,2,v Australia,Mumbai (BS),167,3,18.1,9.19,167,1,166,5,20,8.3,NA,1
20/10/07,8,MS Dhoni,9,11,5,0,1,180,5,not out,2,v Australia,Mumbai (BS),167,3,18.1,9.19,167,1,166,5,20,8.3,NA,1
20/10/07,8,Yuvraj Singh,31,34,25,1,3,124,4,not out,2,v Australia,Mumbai (BS),167,3,18.1,9.19,167,1,166,5,20,8.3,NA,1
20/10/07,8,V Sehwag,5,12,4,1,0,125,2,caught,2,v Australia,Mumbai (BS),167,3,18.1,9.19,167,1,166,5,20,8.3,NA,1
01/02/08,9,RV Uthappa,1,7,3,0,0,33.33,4,caught,1,v Australia,Melbourne,74,10,17.3,4.22,NA,0,75,1,11.2,6.61,75,2
01/02/08,9,KD Karthik,8,9,8,1,0,100,3,bowled,1,v Australia,Melbourne,74,10,17.3,4.22,NA,0,75,1,11.2,6.61,75,2
01/02/08,9,MS Dhoni,9,30,27,0,0,33.33,6,caught,1,v Australia,Melbourne,74,10,17.3,4.22,NA,0,75,1,11.2,6.61,75,2
01/02/08,9,G Gambhir,9,9,6,1,0,150,1,caught,1,v Australia,Melbourne,74,10,17.3,4.22,NA,0,75,1,11.2,6.61,75,2
01/02/08,9,Harbhajan Singh,1,5,3,0,0,33.33,9,caught,1,v Australia,Melbourne,74,10,17.3,4.22,NA,0,75,1,11.2,6.61,75,2
01/02/08,9,V Sehwag,0,5,3,0,0,0,2,run out,1,v Australia,Melbourne,74,10,17.3,4.22,NA,0,75,1,11.2,6.61,75,2
01/02/08,9,RG Sharma,8,15,8,1,0,100,5,bowled,1,v Australia,Melbourne,74,10,17.3,4.22,NA,0,75,1,11.2,6.61,75,2
10/02/09,10,Yuvraj Singh,32,43,21,3,2,152.38,4,caught,2,v Sri Lanka,Colombo (RPS),174,7,19.2,9,172,1,171,4,20,8.55,NA,1
10/02/09,10,V Sehwag,1,4,1,0,0,100,2,run out,2,v Sri Lanka,Colombo (RPS),174,7,19.2,9,172,1,171,4,20,8.55,NA,1
10/02/09,10,G Gambhir,13,6,6,3,0,216.66,1,caught,2,v Sri Lanka,Colombo (RPS),174,7,19.2,9,172,1,171,4,20,8.55,NA,1
10/02/09,10,RA Jadeja,5,7,7,0,0,71.42,7,bowled,2,v Sri Lanka,Colombo (RPS),174,7,19.2,9,172,1,171,4,20,8.55,NA,1
10/02/09,10,YK Pathan,22,26,10,1,2,220,8,not out,2,v Sri Lanka,Colombo (RPS),174,7,19.2,9,172,1,171,4,20,8.55,NA,1
10/02/09,10,MS Dhoni,13,17,17,1,0,76.47,5,bowled,2,v Sri Lanka,Colombo (RPS),174,7,19.2,9,172,1,171,4,20,8.55,NA,1
10/02/09,10,RG Sharma,4,13,11,0,0,36.36,6,caught,2,v Sri Lanka,Colombo (RPS),174,7,19.2,9,172,1,171,4,20,8.55,NA,1
10/02/09,10,SK Raina,35,48,27,5,1,129.62,3,caught,2,v Sri Lanka,Colombo (RPS),174,7,19.2,9,172,1,171,4,20,8.55,NA,1
25/02/09,11,Yuvraj Singh,1,4,3,0,0,33.33,5,lbw,1,v New Zealand,Christchurch,162,8,20,8.1,NA,0,166,3,18.5,8.81,163,2
25/02/09,11,G Gambhir,6,8,7,1,0,85.71,1,bowled,1,v New Zealand,Christchurch,162,8,20,8.1,NA,0,166,3,18.5,8.81,163,2
25/02/09,11,YK Pathan,20,7,8,0,3,250,7,caught,1,v New Zealand,Christchurch,162,8,20,8.1,NA,0,166,3,18.5,8.81,163,2
25/02/09,11,V Sehwag,26,14,10,0,4,260,2,bowled,1,v New Zealand,Christchurch,162,8,20,8.1,NA,0,166,3,18.5,8.81,163,2
25/02/09,11,RG Sharma,7,9,7,0,1,100,4,caught,1,v New Zealand,Christchurch,162,8,20,8.1,NA,0,166,3,18.5,8.81,163,2
25/02/09,11,Harbhajan Singh,21,25,22,2,0,95.45,9,bowled,1,v New Zealand,Christchurch,162,8,20,8.1,NA,0,166,3,18.5,8.81,163,2
25/02/09,11,MS Dhoni,2,5,6,0,0,33.33,6,bowled,1,v New Zealand,Christchurch,162,8,20,8.1,NA,0,166,3,18.5,8.81,163,2
25/02/09,11,SK Raina,61,74,43,2,5,141.86,3,not out,1,v New Zealand,Christchurch,162,8,20,8.1,NA,0,166,3,18.5,8.81,163,2
27/02/09,12,Yuvraj Singh,50,33,34,3,4,147.05,4,caught,1,v New Zealand,Wellington,149,6,20,7.45,NA,0,150,5,20,7.5,150,2
27/02/09,12,SK Raina,0,4,4,0,0,0,3,caught,1,v New Zealand,Wellington,149,6,20,7.45,NA,0,150,5,20,7.5,150,2
27/02/09,12,MS Dhoni,28,57,30,2,0,93.33,5,not out,1,v New Zealand,Wellington,149,6,20,7.45,NA,0,150,5,20,7.5,150,2
27/02/09,12,RA Jadeja,19,14,16,1,1,118.75,7,caught,1,v New Zealand,Wellington,149,6,20,7.45,NA,0,150,5,20,7.5,150,2
27/02/09,12,YK Pathan,0,3,2,0,0,0,6,bowled,1,v New Zealand,Wellington,149,6,20,7.45,NA,0,150,5,20,7.5,150,2
27/02/09,12,G Gambhir,10,29,13,0,1,76.92,1,caught,1,v New Zealand,Wellington,149,6,20,7.45,NA,0,150,5,20,7.5,150,2
27/02/09,12,V Sehwag,24,15,11,5,0,218.18,2,caught,1,v New Zealand,Wellington,149,6,20,7.45,NA,0,150,5,20,7.5,150,2
06/06/09,13,YK Pathan,1,10,1,0,0,100,6,not out,1,v Bangladesh,Nottingham,180,5,20,9,NA,1,155,8,20,7.75,181,2
06/06/09,13,Yuvraj Singh,41,12,18,3,4,227.77,4,caught,1,v Bangladesh,Nottingham,180,5,20,9,NA,1,155,8,20,7.75,181,2
06/06/09,13,MS Dhoni,26,26,21,0,1,123.8,3,bowled,1,v Bangladesh,Nottingham,180,5,20,9,NA,1,155,8,20,7.75,181,2
06/06/09,13,RG Sharma,36,34,23,3,2,156.52,2,bowled,1,v Bangladesh,Nottingham,180,5,20,9,NA,1,155,8,20,7.75,181,2
06/06/09,13,SK Raina,10,12,8,1,0,125,5,bowled,1,v Bangladesh,Nottingham,180,5,20,9,NA,1,155,8,20,7.75,181,2
06/06/09,13,G Gambhir,50,70,46,4,0,108.69,1,caught,1,v Bangladesh,Nottingham,180,5,20,9,NA,1,155,8,20,7.75,181,2
10/06/09,14,MS Dhoni,14,9,13,1,0,107.69,3,caught,2,v Ireland,Nottingham,113,2,15.3,7.29,113,1,112,8,18,6.22,NA,1
10/06/09,14,RG Sharma,52,61,45,4,1,115.55,2,not out,2,v Ireland,Nottingham,113,2,15.3,7.29,113,1,112,8,18,6.22,NA,1
10/06/09,14,Yuvraj Singh,3,7,4,0,0,75,4,not out,2,v Ireland,Nottingham,113,2,15.3,7.29,113,1,112,8,18,6.22,NA,1
10/06/09,14,G Gambhir,37,42,31,3,1,119.35,1,caught,2,v Ireland,Nottingham,113,2,15.3,7.29,113,1,112,8,18,6.22,NA,1
12/06/09,15,MS Dhoni,11,24,23,0,0,47.82,5,caught,1,v West Indies,Lord's,153,7,20,7.65,NA,0,156,3,18.4,8.35,154,2
12/06/09,15,G Gambhir,14,23,13,2,0,107.69,1,caught,1,v West Indies,Lord's,153,7,20,7.65,NA,0,156,3,18.4,8.35,154,2
12/06/09,15,SK Raina,5,12,8,0,0,62.5,3,caught,1,v West Indies,Lord's,153,7,20,7.65,NA,0,156,3,18.4,8.35,154,2
12/06/09,15,RG Sharma,5,6,3,1,0,166.66,2,caught,1,v West Indies,Lord's,153,7,20,7.65,NA,0,156,3,18.4,8.35,154,2
12/06/09,15,Harbhajan Singh,13,3,4,3,0,325,8,not out,1,v West Indies,Lord's,153,7,20,7.65,NA,0,156,3,18.4,8.35,154,2
12/06/09,15,YK Pathan,31,27,23,3,1,134.78,6,bowled,1,v West Indies,Lord's,153,7,20,7.65,NA,0,156,3,18.4,8.35,154,2
12/06/09,15,Yuvraj Singh,67,55,43,6,2,155.81,4,caught,1,v West Indies,Lord's,153,7,20,7.65,NA,0,156,3,18.4,8.35,154,2
14/06/09,16,MS Dhoni,30,33,20,3,0,150,6,not out,2,v England,Lord's,150,5,20,7.5,154,0,153,7,20,7.65,NA,1
14/06/09,16,RG Sharma,9,7,8,1,0,112.5,2,bowled,2,v England,Lord's,150,5,20,7.5,154,0,153,7,20,7.65,NA,1
14/06/09,16,G Gambhir,26,50,26,4,0,100,1,caught,2,v England,Lord's,150,5,20,7.5,154,0,153,7,20,7.65,NA,1
14/06/09,16,SK Raina,2,7,5,0,0,40,3,caught,2,v England,Lord's,150,5,20,7.5,154,0,153,7,20,7.65,NA,1
14/06/09,16,RA Jadeja,25,41,35,1,0,71.42,4,caught,2,v England,Lord's,150,5,20,7.5,154,0,153,7,20,7.65,NA,1
14/06/09,16,Yuvraj Singh,17,14,9,0,2,188.88,5,stumped,2,v England,Lord's,150,5,20,7.5,154,0,153,7,20,7.65,NA,1
14/06/09,16,YK Pathan,33,29,17,1,2,194.11,7,not out,2,v England,Lord's,150,5,20,7.5,154,0,153,7,20,7.65,NA,1
16/06/09,17,RG Sharma,29,39,28,3,0,103.57,2,caught,2,v South Africa,Nottingham,118,8,20,5.9,131,0,130,5,20,6.5,NA,1
16/06/09,17,Yuvraj Singh,25,47,25,1,1,100,4,caught,2,v South Africa,Nottingham,118,8,20,5.9,131,0,130,5,20,6.5,NA,1
16/06/09,17,Harbhajan Singh,14,18,15,1,1,93.33,7,caught,2,v South Africa,Nottingham,118,8,20,5.9,131,0,130,5,20,6.5,NA,1
16/06/09,17,SK Raina,3,7,8,0,0,37.5,3,caught,2,v South Africa,Nottingham,118,8,20,5.9,131,0,130,5,20,6.5,NA,1
16/06/09,17,YK Pathan,0,2,2,0,0,0,6,caught,2,v South Africa,Nottingham,118,8,20,5.9,131,0,130,5,20,6.5,NA,1
16/06/09,17,RA Jadeja,7,14,6,0,0,116.66,8,not out,2,v South Africa,Nottingham,118,8,20,5.9,131,0,130,5,20,6.5,NA,1
16/06/09,17,MS Dhoni,5,11,12,0,0,41.66,5,run out,2,v South Africa,Nottingham,118,8,20,5.9,131,0,130,5,20,6.5,NA,1
16/06/09,17,G Gambhir,21,27,19,3,0,110.52,1,caught,2,v South Africa,Nottingham,118,8,20,5.9,131,0,130,5,20,6.5,NA,1
09/12/09,18,MS Dhoni,9,NA,12,0,0,75,3,caught,2,v Sri Lanka,Nagpur,186,9,20,9.3,216,0,215,5,20,10.75,NA,1
09/12/09,18,YK Pathan,0,NA,2,0,0,0,7,caught,2,v Sri Lanka,Nagpur,186,9,20,9.3,216,0,215,5,20,10.75,NA,1
09/12/09,18,V Sehwag,26,NA,14,3,1,185.71,2,caught,2,v Sri Lanka,Nagpur,186,9,20,9.3,216,0,215,5,20,10.75,NA,1
09/12/09,18,Yuvraj Singh,6,NA,8,0,0,75,4,caught,2,v Sri Lanka,Nagpur,186,9,20,9.3,216,0,215,5,20,10.75,NA,1
09/12/09,18,RG Sharma,3,NA,4,0,0,75,5,run out,2,v Sri Lanka,Nagpur,186,9,20,9.3,216,0,215,5,20,10.75,NA,1
09/12/09,18,G Gambhir,55,NA,26,11,0,211.53,1,bowled,2,v Sri Lanka,Nagpur,186,9,20,9.3,216,0,215,5,20,10.75,NA,1
09/12/09,18,SK Raina,21,NA,13,1,1,161.53,6,caught,2,v Sri Lanka,Nagpur,186,9,20,9.3,216,0,215,5,20,10.75,NA,1
12/12/09,19,G Gambhir,21,30,18,1,0,116.66,1,run out,2,v Sri Lanka,Mohali,211,4,19.1,11,207,1,206,7,20,10.3,NA,1
12/12/09,19,SK Raina,9,9,7,2,0,128.57,5,run out,2,v Sri Lanka,Mohali,211,4,19.1,11,207,1,206,7,20,10.3,NA,1
12/12/09,19,V Sehwag,64,56,36,7,3,177.77,2,caught,2,v Sri Lanka,Mohali,211,4,19.1,11,207,1,206,7,20,10.3,NA,1
12/12/09,19,MS Dhoni,46,55,28,3,2,164.28,3,bowled,2,v Sri Lanka,Mohali,211,4,19.1,11,207,1,206,7,20,10.3,NA,1
12/12/09,19,KD Karthik,4,2,1,1,0,400,6,not out,2,v Sri Lanka,Mohali,211,4,19.1,11,207,1,206,7,20,10.3,NA,1
12/12/09,19,Yuvraj Singh,60,45,25,3,5,240,4,not out,2,v Sri Lanka,Mohali,211,4,19.1,11,207,1,206,7,20,10.3,NA,1
01/05/10,20,G Gambhir,4,11,6,0,0,66.66,1,caught,2,v Afghanistan,Gros Islet,116,3,14.5,7.82,116,1,115,8,20,5.75,NA,1
01/05/10,20,SK Raina,18,14,13,1,1,138.46,3,lbw,2,v Afghanistan,Gros Islet,116,3,14.5,7.82,116,1,115,8,20,5.75,NA,1
01/05/10,20,M Vijay,48,59,46,2,3,104.34,2,caught,2,v Afghanistan,Gros Islet,116,3,14.5,7.82,116,1,115,8,20,5.75,NA,1
01/05/10,20,MS Dhoni,15,2,6,0,2,250,5,not out,2,v Afghanistan,Gros Islet,116,3,14.5,7.82,116,1,115,8,20,5.75,NA,1
01/05/10,20,Yuvraj Singh,23,34,22,0,1,104.54,4,not out,2,v Afghanistan,Gros Islet,116,3,14.5,7.82,116,1,115,8,20,5.75,NA,1
02/05/10,21,YK Pathan,11,11,7,0,1,157.14,5,caught,1,v South Africa,Gros Islet,186,5,20,9.3,NA,1,172,5,20,8.6,187,2
02/05/10,21,Yuvraj Singh,37,43,30,3,2,123.33,4,caught,1,v South Africa,Gros Islet,186,5,20,9.3,NA,1,172,5,20,8.6,187,2
02/05/10,21,KD Karthik,16,26,17,2,0,94.11,1,caught,1,v South Africa,Gros Islet,186,5,20,9.3,NA,1,172,5,20,8.6,187,2
02/05/10,21,M Vijay,0,2,1,0,0,0,2,caught,1,v South Africa,Gros Islet,186,5,20,9.3,NA,1,172,5,20,8.6,187,2
02/05/10,21,MS Dhoni,16,6,6,1,1,266.66,6,not out,1,v South Africa,Gros Islet,186,5,20,9.3,NA,1,172,5,20,8.6,187,2
02/05/10,21,Harbhajan Singh,0,1,0,0,0,NA,7,not out,1,v South Africa,Gros Islet,186,5,20,9.3,NA,1,172,5,20,8.6,187,2
02/05/10,21,SK Raina,101,85,60,9,5,168.33,3,caught,1,v South Africa,Gros Islet,186,5,20,9.3,NA,1,172,5,20,8.6,187,2
07/05/10,22,RA Jadeja,4,6,5,0,0,80,8,run out,2,v Australia,Bridgetown,135,10,17.4,7.64,185,0,184,5,20,9.2,NA,1
07/05/10,22,Harbhajan Singh,13,15,11,1,1,118.18,9,caught,2,v Australia,Bridgetown,135,10,17.4,7.64,185,0,184,5,20,9.2,NA,1
07/05/10,22,RG Sharma,79,65,46,4,6,171.73,4,not out,2,v Australia,Bridgetown,135,10,17.4,7.64,185,0,184,5,20,9.2,NA,1
07/05/10,22,G Gambhir,9,14,10,2,0,90,2,caught,2,v Australia,Bridgetown,135,10,17.4,7.64,185,0,184,5,20,9.2,NA,1
07/05/10,22,SK Raina,5,7,5,1,0,100,3,caught,2,v Australia,Bridgetown,135,10,17.4,7.64,185,0,184,5,20,9.2,NA,1
07/05/10,22,MS Dhoni,2,10,8,0,0,25,6,caught,2,v Australia,Bridgetown,135,10,17.4,7.64,185,0,184,5,20,9.2,NA,1
07/05/10,22,YK Pathan,1,6,5,0,0,20,7,caught,2,v Australia,Bridgetown,135,10,17.4,7.64,185,0,184,5,20,9.2,NA,1
07/05/10,22,Yuvraj Singh,1,5,2,0,0,50,5,bowled,2,v Australia,Bridgetown,135,10,17.4,7.64,185,0,184,5,20,9.2,NA,1
07/05/10,22,M Vijay,2,8,7,0,0,28.57,1,caught,2,v Australia,Bridgetown,135,10,17.4,7.64,185,0,184,5,20,9.2,NA,1
09/05/10,23,Harbhajan Singh,14,18,10,1,1,140,8,caught,2,v West Indies,Bridgetown,155,9,20,7.75,170,0,169,6,20,8.45,NA,1
09/05/10,23,Yuvraj Singh,12,22,14,1,0,85.71,5,caught,2,v West Indies,Bridgetown,155,9,20,7.75,170,0,169,6,20,8.45,NA,1
09/05/10,23,RG Sharma,5,10,8,1,0,62.5,4,caught,2,v West Indies,Bridgetown,155,9,20,7.75,170,0,169,6,20,8.45,NA,1
09/05/10,23,YK Pathan,17,12,10,0,2,170,7,caught,2,v West Indies,Bridgetown,155,9,20,7.75,170,0,169,6,20,8.45,NA,1
09/05/10,23,SK Raina,32,38,25,4,1,128,3,caught,2,v West Indies,Bridgetown,155,9,20,7.75,170,0,169,6,20,8.45,NA,1
09/05/10,23,G Gambhir,15,22,14,3,0,107.14,2,caught,2,v West Indies,Bridgetown,155,9,20,7.75,170,0,169,6,20,8.45,NA,1
09/05/10,23,M Vijay,7,14,14,0,0,50,1,caught,2,v West Indies,Bridgetown,155,9,20,7.75,170,0,169,6,20,8.45,NA,1
09/05/10,23,RA Jadeja,5,10,6,0,0,83.33,9,not out,2,v West Indies,Bridgetown,155,9,20,7.75,170,0,169,6,20,8.45,NA,1
09/05/10,23,MS Dhoni,29,30,18,2,2,161.11,6,run out,2,v West Indies,Bridgetown,155,9,20,7.75,170,0,169,6,20,8.45,NA,1
11/05/10,24,MS Dhoni,23,43,19,0,1,121.05,4,not out,1,v Sri Lanka,Gros Islet,163,5,20,8.15,NA,0,167,5,20,8.35,164,2
11/05/10,24,Yuvraj Singh,1,2,2,0,0,50,5,caught,1,v Sri Lanka,Gros Islet,163,5,20,8.15,NA,0,167,5,20,8.35,164,2
11/05/10,24,KD Karthik,13,20,12,2,0,108.33,1,caught,1,v Sri Lanka,Gros Islet,163,5,20,8.15,NA,0,167,5,20,8.35,164,2
11/05/10,24,SK Raina,63,61,47,7,1,134.04,3,caught,1,v Sri Lanka,Gros Islet,163,5,20,8.15,NA,0,167,5,20,8.35,164,2
11/05/10,24,YK Pathan,13,10,9,2,0,144.44,6,caught,1,v Sri Lanka,Gros Islet,163,5,20,8.15,NA,0,167,5,20,8.35,164,2
11/05/10,24,G Gambhir,41,52,32,3,0,128.12,2,caught,1,v Sri Lanka,Gros Islet,163,5,20,8.15,NA,0,167,5,20,8.35,164,2
12/06/10,25,YK Pathan,37,27,24,2,3,154.16,6,not out,2,v Zimbabwe,Harare,112,4,15,7.46,112,1,111,9,20,5.55,NA,1
12/06/10,25,V Kohli,26,30,21,3,1,123.8,5,not out,2,v Zimbabwe,Harare,112,4,15,7.46,112,1,111,9,20,5.55,NA,1
12/06/10,25,M Vijay,5,3,5,1,0,100,1,caught,2,v Zimbabwe,Harare,112,4,15,7.46,112,1,111,9,20,5.55,NA,1
12/06/10,25,RG Sharma,10,22,15,1,0,66.66,4,stumped,2,v Zimbabwe,Harare,112,4,15,7.46,112,1,111,9,20,5.55,NA,1
12/06/10,25,SK Raina,28,28,17,3,1,164.7,3,caught,2,v Zimbabwe,Harare,112,4,15,7.46,112,1,111,9,20,5.55,NA,1
13/06/10,26,YK Pathan,4,16,7,0,0,57.14,4,caught,2,v Zimbabwe,Harare,144,3,18,8,141,1,140,5,20,7,NA,1
13/06/10,26,M Vijay,46,62,39,2,3,117.94,2,caught,2,v Zimbabwe,Harare,144,3,18,8,141,1,140,5,20,7,NA,1
13/06/10,26,RG Sharma,0,1,0,0,0,NA,5,not out,2,v Zimbabwe,Harare,144,3,18,8,141,1,140,5,20,7,NA,1
13/06/10,26,SK Raina,72,59,44,6,2,163.63,3,not out,2,v Zimbabwe,Harare,144,3,18,8,141,1,140,5,20,7,NA,1
09/01/11,27,M Vijay,14,11,12,3,0,116.66,2,caught,1,v South Africa,Durban,168,6,20,8.4,NA,1,147,9,20,7.35,169,2
09/01/11,27,RG Sharma,53,38,34,5,2,155.88,3,caught,1,v South Africa,Durban,168,6,20,8.4,NA,1,147,9,20,7.35,169,2
09/01/11,27,YK Pathan,6,16,8,0,0,75,5,bowled,1,v South Africa,Durban,168,6,20,8.4,NA,1,147,9,20,7.35,169,2
09/01/11,27,SK Raina,41,29,23,2,3,178.26,6,caught,1,v South Africa,Durban,168,6,20,8.4,NA,1,147,9,20,7.35,169,2
09/01/11,27,MS Dhoni,10,19,11,0,0,90.9,7,not out,1,v South Africa,Durban,168,6,20,8.4,NA,1,147,9,20,7.35,169,2
09/01/11,27,V Kohli,28,28,19,5,0,147.36,1,bowled,1,v South Africa,Durban,168,6,20,8.4,NA,1,147,9,20,7.35,169,2
09/01/11,27,Yuvraj Singh,12,20,13,1,0,92.3,4,run out,1,v South Africa,Durban,168,6,20,8.4,NA,1,147,9,20,7.35,169,2
04/06/11,28,RG Sharma,26,33,23,0,2,113.04,6,bowled,1,v West Indies,Port of Spain,159,6,20,7.95,NA,1,143,5,20,7.15,160,2
04/06/11,28,V Kohli,14,15,12,2,0,116.66,3,caught,1,v West Indies,Port of Spain,159,6,20,7.95,NA,1,143,5,20,7.15,160,2
04/06/11,28,YK Pathan,15,1,6,0,2,250,7,not out,1,v West Indies,Port of Spain,159,6,20,7.95,NA,1,143,5,20,7.15,160,2
04/06/11,28,Harbhajan Singh,15,5,7,1,1,214.28,8,not out,1,v West Indies,Port of Spain,159,6,20,7.95,NA,1,143,5,20,7.15,160,2
04/06/11,28,S Dhawan,5,13,11,0,0,45.45,2,caught,1,v West Indies,Port of Spain,159,6,20,7.95,NA,1,143,5,20,7.15,160,2
04/06/11,28,SK Raina,2,5,6,0,0,33.33,5,caught,1,v West Indies,Port of Spain,159,6,20,7.95,NA,1,143,5,20,7.15,160,2
31/08/11,29,MS Dhoni,8,15,8,1,0,100,7,caught,1,v England,Manchester,165,10,19.4,8.38,NA,0,169,4,19.3,8.66,166,2
31/08/11,29,V Kohli,4,5,5,0,0,80,4,caught,1,v England,Manchester,165,10,19.4,8.38,NA,0,169,4,19.3,8.66,166,2
31/08/11,29,RG Sharma,1,7,3,0,0,33.33,5,stumped,1,v England,Manchester,165,10,19.4,8.38,NA,0,169,4,19.3,8.66,166,2
31/08/11,29,SK Raina,33,26,19,2,3,173.68,6,caught,1,v England,Manchester,165,10,19.4,8.38,NA,0,169,4,19.3,8.66,166,2
31/08/11,29,R Ashwin,4,1,2,1,0,200,8,run out,1,v England,Manchester,165,10,19.4,8.38,NA,0,169,4,19.3,8.66,166,2
31/08/11,29,AM Rahane,61,49,39,8,0,156.41,2,caught,1,v England,Manchester,165,10,19.4,8.38,NA,0,169,4,19.3,8.66,166,2
29/10/11,30,RV Uthappa,1,6,3,0,0,33.33,1,caught,1,v England,Kolkata,120,9,20,6,NA,0,121,4,18.4,6.48,121,2
29/10/11,30,YK Pathan,10,17,12,1,0,83.33,8,bowled,1,v England,Kolkata,120,9,20,6,NA,0,121,4,18.4,6.48,121,2
29/10/11,30,SK Raina,39,47,29,4,2,134.48,4,caught,1,v England,Kolkata,120,9,20,6,NA,0,121,4,18.4,6.48,121,2
29/10/11,30,R Ashwin,17,14,11,3,0,154.54,10,not out,1,v England,Kolkata,120,9,20,6,NA,0,121,4,18.4,6.48,121,2
29/10/11,30,RA Jadeja,0,1,1,0,0,0,7,bowled,1,v England,Kolkata,120,9,20,6,NA,0,121,4,18.4,6.48,121,2
29/10/11,30,MS Dhoni,21,44,26,0,1,80.76,6,run out,1,v England,Kolkata,120,9,20,6,NA,0,121,4,18.4,6.48,121,2
29/10/11,30,V Kohli,15,21,16,3,0,93.75,3,caught,1,v England,Kolkata,120,9,20,6,NA,0,121,4,18.4,6.48,121,2
29/10/11,30,AM Rahane,0,2,3,0,0,0,2,caught,1,v England,Kolkata,120,9,20,6,NA,0,121,4,18.4,6.48,121,2
01/02/12,31,SK Raina,14,23,15,1,0,93.33,4,bowled,2,v Australia,Sydney,140,6,20,7,172,0,171,4,20,8.55,NA,1
01/02/12,31,V Kohli,22,30,21,0,1,104.76,3,caught,2,v Australia,Sydney,140,6,20,7,172,0,171,4,20,8.55,NA,1
01/02/12,31,RG Sharma,0,2,1,0,0,0,5,bowled,2,v Australia,Sydney,140,6,20,7,172,0,171,4,20,8.55,NA,1
01/02/12,31,V Sehwag,4,2,3,1,0,133.33,2,caught,2,v Australia,Sydney,140,6,20,7,172,0,171,4,20,8.55,NA,1
01/02/12,31,R Ashwin,15,30,16,1,0,93.75,8,not out,2,v Australia,Sydney,140,6,20,7,172,0,171,4,20,8.55,NA,1
01/02/12,31,MS Dhoni,48,55,43,1,3,111.62,6,not out,2,v Australia,Sydney,140,6,20,7,172,0,171,4,20,8.55,NA,1
01/02/12,31,RA Jadeja,7,9,8,1,0,87.5,7,caught,2,v Australia,Sydney,140,6,20,7,172,0,171,4,20,8.55,NA,1
01/02/12,31,G Gambhir,20,27,14,3,0,142.85,1,caught,2,v Australia,Sydney,140,6,20,7,172,0,171,4,20,8.55,NA,1
03/02/12,32,G Gambhir,56,91,60,4,0,93.33,1,not out,2,v Australia,Melbourne,135,2,19.4,6.86,132,1,131,10,19.4,6.66,NA,1
03/02/12,32,V Sehwag,23,32,16,2,1,143.75,2,caught,2,v Australia,Melbourne,135,2,19.4,6.86,132,1,131,10,19.4,6.66,NA,1
03/02/12,32,MS Dhoni,21,26,18,2,0,116.66,4,not out,2,v Australia,Melbourne,135,2,19.4,6.86,132,1,131,10,19.4,6.66,NA,1
03/02/12,32,V Kohli,31,29,24,3,0,129.16,3,caught,2,v Australia,Melbourne,135,2,19.4,6.86,132,1,131,10,19.4,6.66,NA,1
30/03/12,33,RV Uthappa,18,36,19,1,0,94.73,1,not out,2,v South Africa,Johannesburg,71,0,7.5,9.06,83,0,219,4,20,10.95,NA,1
30/03/12,33,G Gambhir,49,36,28,7,1,175,2,not out,2,v South Africa,Johannesburg,71,0,7.5,9.06,83,0,219,4,20,10.95,NA,1
07/08/12,34,MS Dhoni,16,13,14,2,0,114.28,5,not out,1,v Sri Lanka,Pallekele,155,3,20,7.75,NA,1,116,10,18,6.44,156,2
07/08/12,34,G Gambhir,6,7,8,1,0,75,1,bowled,1,v Sri Lanka,Pallekele,155,3,20,7.75,NA,1,116,10,18,6.44,156,2
07/08/12,34,SK Raina,34,43,25,3,1,136,4,not out,1,v Sri Lanka,Pallekele,155,3,20,7.75,NA,1,116,10,18,6.44,156,2
07/08/12,34,AM Rahane,21,46,25,0,1,84,2,caught,1,v Sri Lanka,Pallekele,155,3,20,7.75,NA,1,116,10,18,6.44,156,2
07/08/12,34,V Kohli,68,65,48,11,1,141.66,3,caught,1,v Sri Lanka,Pallekele,155,3,20,7.75,NA,1,116,10,18,6.44,156,2
11/09/12,35,RG Sharma,4,2,2,0,0,200,6,not out,2,v New Zealand,Chennai,166,4,20,8.3,168,0,167,5,20,8.35,NA,1
11/09/12,35,V Kohli,70,67,41,10,1,170.73,2,caught,2,v New Zealand,Chennai,166,4,20,8.3,168,0,167,5,20,8.35,NA,1
11/09/12,35,SK Raina,27,31,22,2,1,122.72,3,caught,2,v New Zealand,Chennai,166,4,20,8.3,168,0,167,5,20,8.35,NA,1
11/09/12,35,Yuvraj Singh,34,49,26,1,2,130.76,4,bowled,2,v New Zealand,Chennai,166,4,20,8.3,168,0,167,5,20,8.35,NA,1
11/09/12,35,G Gambhir,3,12,6,0,0,50,1,caught,2,v New Zealand,Chennai,166,4,20,8.3,168,0,167,5,20,8.35,NA,1
11/09/12,35,MS Dhoni,22,31,23,2,0,95.65,5,not out,2,v New Zealand,Chennai,166,4,20,8.3,168,0,167,5,20,8.35,NA,1
19/09/12,36,V Kohli,50,60,39,4,2,128.2,3,caught,1,v Afghanistan,Colombo (RPS),159,5,20,7.95,NA,1,136,10,19.3,6.97,160,2
19/09/12,36,RG Sharma,1,2,1,0,0,100,7,not out,1,v Afghanistan,Colombo (RPS),159,5,20,7.95,NA,1,136,10,19.3,6.97,160,2
19/09/12,36,Yuvraj Singh,18,26,20,0,1,90,4,caught,1,v Afghanistan,Colombo (RPS),159,5,20,7.95,NA,1,136,10,19.3,6.97,160,2
19/09/12,36,V Sehwag,8,25,10,1,0,80,2,caught,1,v Afghanistan,Colombo (RPS),159,5,20,7.95,NA,1,136,10,19.3,6.97,160,2
19/09/12,36,SK Raina,38,42,33,6,0,115.15,5,bowled,1,v Afghanistan,Colombo (RPS),159,5,20,7.95,NA,1,136,10,19.3,6.97,160,2
19/09/12,36,G Gambhir,10,14,8,1,0,125,1,bowled,1,v Afghanistan,Colombo (RPS),159,5,20,7.95,NA,1,136,10,19.3,6.97,160,2
19/09/12,36,MS Dhoni,18,21,9,2,1,200,6,not out,1,v Afghanistan,Colombo (RPS),159,5,20,7.95,NA,1,136,10,19.3,6.97,160,2
23/09/12,37,RG Sharma,55,48,33,5,1,166.66,4,not out,1,v England,Colombo (RPS),170,4,20,8.5,NA,1,80,10,14.4,5.45,171,2
23/09/12,37,SK Raina,1,2,1,0,0,100,6,not out,1,v England,Colombo (RPS),170,4,20,8.5,NA,1,80,10,14.4,5.45,171,2
23/09/12,37,MS Dhoni,9,23,8,1,0,112.5,5,caught,1,v England,Colombo (RPS),170,4,20,8.5,NA,1,80,10,14.4,5.45,171,2
23/09/12,37,V Kohli,40,33,32,6,0,125,3,caught,1,v England,Colombo (RPS),170,4,20,8.5,NA,1,80,10,14.4,5.45,171,2
23/09/12,37,G Gambhir,45,70,38,5,0,118.42,1,caught,1,v England,Colombo (RPS),170,4,20,8.5,NA,1,80,10,14.4,5.45,171,2
28/09/12,38,V Kohli,15,18,13,2,0,115.38,3,caught,1,v Australia,Colombo (RPS),140,7,20,7,NA,0,141,1,14.5,9.5,141,2
28/09/12,38,RG Sharma,1,5,2,0,0,50,5,bowled,1,v Australia,Colombo (RPS),140,7,20,7,NA,0,141,1,14.5,9.5,141,2
28/09/12,38,Yuvraj Singh,8,11,10,1,0,80,4,caught,1,v Australia,Colombo (RPS),140,7,20,7,NA,0,141,1,14.5,9.5,141,2
28/09/12,38,Harbhajan Singh,1,2,1,0,0,100,9,not out,1,v Australia,Colombo (RPS),140,7,20,7,NA,0,141,1,14.5,9.5,141,2
28/09/12,38,G Gambhir,17,12,12,3,0,141.66,1,run out,1,v Australia,Colombo (RPS),140,7,20,7,NA,0,141,1,14.5,9.5,141,2
28/09/12,38,R Ashwin,16,18,12,1,1,133.33,8,not out,1,v Australia,Colombo (RPS),140,7,20,7,NA,0,141,1,14.5,9.5,141,2
28/09/12,38,MS Dhoni,15,21,21,2,0,71.42,7,caught,1,v Australia,Colombo (RPS),140,7,20,7,NA,0,141,1,14.5,9.5,141,2
28/09/12,38,SK Raina,26,40,19,4,0,136.84,6,caught,1,v Australia,Colombo (RPS),140,7,20,7,NA,0,141,1,14.5,9.5,141,2
30/09/12,39,V Sehwag,29,38,24,4,0,120.83,2,caught,2,v Pakistan,Colombo (RPS),129,2,17,7.58,129,1,128,10,19.4,6.5,NA,1
30/09/12,39,Yuvraj Singh,19,24,16,2,0,118.75,4,not out,2,v Pakistan,Colombo (RPS),129,2,17,7.58,129,1,128,10,19.4,6.5,NA,1
30/09/12,39,V Kohli,78,61,61,8,2,127.86,3,not out,2,v Pakistan,Colombo (RPS),129,2,17,7.58,129,1,128,10,19.4,6.5,NA,1
30/09/12,39,G Gambhir,0,2,2,0,0,0,1,caught,2,v Pakistan,Colombo (RPS),129,2,17,7.58,129,1,128,10,19.4,6.5,NA,1
02/10/12,40,MS Dhoni,23,20,13,3,0,176.92,7,not out,1,v South Africa,Colombo (RPS),152,6,20,7.6,NA,1,151,10,19.5,7.61,153,2
02/10/12,40,Yuvraj Singh,21,18,15,1,2,140,5,bowled,1,v South Africa,Colombo (RPS),152,6,20,7.6,NA,1,151,10,19.5,7.61,153,2
02/10/12,40,G Gambhir,8,15,12,1,0,66.66,1,bowled,1,v South Africa,Colombo (RPS),152,6,20,7.6,NA,1,151,10,19.5,7.61,153,2
02/10/12,40,V Sehwag,17,25,14,1,1,121.42,2,bowled,1,v South Africa,Colombo (RPS),152,6,20,7.6,NA,1,151,10,19.5,7.61,153,2
02/10/12,40,V Kohli,2,5,6,0,0,33.33,3,caught,1,v South Africa,Colombo (RPS),152,6,20,7.6,NA,1,151,10,19.5,7.61,153,2
02/10/12,40,SK Raina,45,45,34,5,0,132.35,6,run out,1,v South Africa,Colombo (RPS),152,6,20,7.6,NA,1,151,10,19.5,7.61,153,2
02/10/12,40,RG Sharma,25,48,27,2,0,92.59,4,lbw,1,v South Africa,Colombo (RPS),152,6,20,7.6,NA,1,151,10,19.5,7.61,153,2
20/12/12,41,SK Raina,26,36,19,1,1,136.84,5,run out,2,v England,Pune,158,5,17.5,8.85,158,1,157,6,20,7.85,NA,1
20/12/12,41,G Gambhir,16,23,16,3,0,100,1,caught,2,v England,Pune,158,5,17.5,8.85,158,1,157,6,20,7.85,NA,1
20/12/12,41,V Kohli,21,35,17,2,0,123.52,3,bowled,2,v England,Pune,158,5,17.5,8.85,158,1,157,6,20,7.85,NA,1
20/12/12,41,MS Dhoni,24,29,21,2,0,114.28,6,not out,2,v England,Pune,158,5,17.5,8.85,158,1,157,6,20,7.85,NA,1
20/12/12,41,AM Rahane,19,25,13,0,2,146.15,2,caught,2,v England,Pune,158,5,17.5,8.85,158,1,157,6,20,7.85,NA,1
20/12/12,41,Yuvraj Singh,38,21,21,2,3,180.95,4,caught,2,v England,Pune,158,5,17.5,8.85,158,1,157,6,20,7.85,NA,1
20/12/12,41,RA Jadeja,0,3,0,0,0,NA,7,not out,2,v England,Pune,158,5,17.5,8.85,158,1,157,6,20,7.85,NA,1
22/12/12,42,SK Raina,35,50,24,3,1,145.83,6,not out,1,v England,Mumbai,177,8,20,8.85,NA,0,181,4,20,9.05,178,2
22/12/12,42,RG Sharma,24,28,19,1,1,126.31,5,bowled,1,v England,Mumbai,177,8,20,8.85,NA,0,181,4,20,9.05,178,2
22/12/12,42,MS Dhoni,38,23,18,3,2,211.11,7,caught,1,v England,Mumbai,177,8,20,8.85,NA,0,181,4,20,9.05,178,2
22/12/12,42,Yuvraj Singh,4,6,5,0,0,80,4,caught,1,v England,Mumbai,177,8,20,8.85,NA,0,181,4,20,9.05,178,2
22/12/12,42,V Kohli,38,25,20,7,0,190,3,lbw,1,v England,Mumbai,177,8,20,8.85,NA,0,181,4,20,9.05,178,2
22/12/12,42,R Ashwin,1,5,3,0,0,33.33,8,caught,1,v England,Mumbai,177,8,20,8.85,NA,0,181,4,20,9.05,178,2
22/12/12,42,G Gambhir,17,52,27,1,0,62.96,1,caught,1,v England,Mumbai,177,8,20,8.85,NA,0,181,4,20,9.05,178,2
22/12/12,42,AM Rahane,3,8,5,0,0,60,2,caught,1,v England,Mumbai,177,8,20,8.85,NA,0,181,4,20,9.05,178,2
25/12/12,43,SK Raina,10,11,9,1,0,111.11,6,bowled,1,v Pakistan,Bangalore,133,9,20,6.65,NA,0,134,5,19.4,6.81,134,2
25/12/12,43,V Kohli,9,15,11,1,0,81.81,3,caught,1,v Pakistan,Bangalore,133,9,20,6.65,NA,0,134,5,19.4,6.81,134,2
25/12/12,43,RG Sharma,2,8,2,0,0,100,7,run out,1,v Pakistan,Bangalore,133,9,20,6.65,NA,0,134,5,19.4,6.81,134,2
25/12/12,43,AM Rahane,42,43,31,5,1,135.48,2,caught,1,v Pakistan,Bangalore,133,9,20,6.65,NA,0,134,5,19.4,6.81,134,2
25/12/12,43,Yuvraj Singh,10,21,9,0,1,111.11,4,caught,1,v Pakistan,Bangalore,133,9,20,6.65,NA,0,134,5,19.4,6.81,134,2
25/12/12,43,G Gambhir,43,56,41,2,1,104.87,1,run out,1,v Pakistan,Bangalore,133,9,20,6.65,NA,0,134,5,19.4,6.81,134,2
25/12/12,43,MS Dhoni,1,7,2,0,0,50,5,bowled,1,v Pakistan,Bangalore,133,9,20,6.65,NA,0,134,5,19.4,6.81,134,2
25/12/12,43,RA Jadeja,2,4,4,0,0,50,8,caught,1,v Pakistan,Bangalore,133,9,20,6.65,NA,0,134,5,19.4,6.81,134,2
28/12/12,44,V Kohli,27,31,22,3,0,122.72,3,run out,1,v Pakistan,Ahmedabad,192,5,20,9.6,NA,1,181,7,20,9.05,193,2
28/12/12,44,RG Sharma,4,1,2,1,0,200,7,not out,1,v Pakistan,Ahmedabad,192,5,20,9.6,NA,1,181,7,20,9.05,193,2
28/12/12,44,SK Raina,1,4,1,0,0,100,6,not out,1,v Pakistan,Ahmedabad,192,5,20,9.6,NA,1,181,7,20,9.05,193,2
28/12/12,44,AM Rahane,28,31,26,4,0,107.69,2,caught,1,v Pakistan,Ahmedabad,192,5,20,9.6,NA,1,181,7,20,9.05,193,2
28/12/12,44,MS Dhoni,33,39,23,4,0,143.47,5,bowled,1,v Pakistan,Ahmedabad,192,5,20,9.6,NA,1,181,7,20,9.05,193,2
28/12/12,44,G Gambhir,21,22,11,4,0,190.9,1,lbw,1,v Pakistan,Ahmedabad,192,5,20,9.6,NA,1,181,7,20,9.05,193,2
28/12/12,44,Yuvraj Singh,72,59,36,4,7,200,4,caught,1,v Pakistan,Ahmedabad,192,5,20,9.6,NA,1,181,7,20,9.05,193,2
10/10/13,45,SK Raina,19,17,13,2,1,146.15,3,caught,2,v Australia,Rajkot,202,4,19.4,10.27,202,1,201,7,20,10.05,NA,1
10/10/13,45,S Dhawan,32,40,19,5,0,168.42,2,stumped,2,v Australia,Rajkot,202,4,19.4,10.27,202,1,201,7,20,10.05,NA,1
10/10/13,45,RG Sharma,8,8,8,0,1,100,1,caught,2,v Australia,Rajkot,202,4,19.4,10.27,202,1,201,7,20,10.05,NA,1
10/10/13,45,Yuvraj Singh,77,57,35,8,5,220,5,not out,2,v Australia,Rajkot,202,4,19.4,10.27,202,1,201,7,20,10.05,NA,1
10/10/13,45,MS Dhoni,24,44,21,2,0,114.28,6,not out,2,v Australia,Rajkot,202,4,19.4,10.27,202,1,201,7,20,10.05,NA,1
10/10/13,45,V Kohli,29,26,22,2,1,131.81,4,caught,2,v Australia,Rajkot,202,4,19.4,10.27,202,1,201,7,20,10.05,NA,1
21/03/14,46,SK Raina,35,34,28,4,1,125,5,not out,2,v Pakistan,Dhaka,131,3,18.3,7.08,131,1,130,7,20,6.5,NA,1
21/03/14,46,Yuvraj Singh,1,3,2,0,0,50,4,bowled,2,v Pakistan,Dhaka,131,3,18.3,7.08,131,1,130,7,20,6.5,NA,1
21/03/14,46,S Dhawan,30,35,28,5,0,107.14,2,caught,2,v Pakistan,Dhaka,131,3,18.3,7.08,131,1,130,7,20,6.5,NA,1
21/03/14,46,RG Sharma,24,41,21,1,2,114.28,1,bowled,2,v Pakistan,Dhaka,131,3,18.3,7.08,131,1,130,7,20,6.5,NA,1
21/03/14,46,V Kohli,36,45,32,4,1,112.5,3,not out,2,v Pakistan,Dhaka,131,3,18.3,7.08,131,1,130,7,20,6.5,NA,1
23/03/14,47,Yuvraj Singh,10,19,19,1,0,52.63,4,caught,2,v West Indies,Dhaka,130,3,19.4,6.61,130,1,129,7,20,6.45,NA,1
23/03/14,47,V Kohli,54,51,41,5,1,131.7,3,bowled,2,v West Indies,Dhaka,130,3,19.4,6.61,130,1,129,7,20,6.45,NA,1
23/03/14,47,SK Raina,1,2,1,0,0,100,5,not out,2,v West Indies,Dhaka,130,3,19.4,6.61,130,1,129,7,20,6.45,NA,1
23/03/14,47,S Dhawan,0,10,3,0,0,0,2,lbw,2,v West Indies,Dhaka,130,3,19.4,6.61,130,1,129,7,20,6.45,NA,1
23/03/14,47,RG Sharma,62,83,55,5,2,112.72,1,not out,2,v West Indies,Dhaka,130,3,19.4,6.61,130,1,129,7,20,6.45,NA,1
28/03/14,48,MS Dhoni,22,16,12,1,2,183.33,4,not out,2,v Bangladesh,Dhaka,141,2,18.3,7.62,139,1,138,7,20,6.9,NA,1
28/03/14,48,S Dhawan,1,11,6,0,0,16.66,2,bowled,2,v Bangladesh,Dhaka,141,2,18.3,7.62,139,1,138,7,20,6.9,NA,1
28/03/14,48,RG Sharma,56,60,44,5,1,127.27,1,caught,2,v Bangladesh,Dhaka,141,2,18.3,7.62,139,1,138,7,20,6.9,NA,1
28/03/14,48,V Kohli,57,66,50,3,1,114,3,not out,2,v Bangladesh,Dhaka,141,2,18.3,7.62,139,1,138,7,20,6.9,NA,1
30/03/14,49,AM Rahane,19,34,16,2,0,118.75,2,caught,1,v Australia,Dhaka,159,7,20,7.95,NA,1,86,10,16.2,5.26,160,2
30/03/14,49,V Kohli,23,23,22,2,1,104.54,3,caught,1,v Australia,Dhaka,159,7,20,7.95,NA,1,86,10,16.2,5.26,160,2
30/03/14,49,RA Jadeja,3,9,3,0,0,100,7,run out,1,v Australia,Dhaka,159,7,20,7.95,NA,1,86,10,16.2,5.26,160,2
30/03/14,49,MS Dhoni,24,36,20,1,1,120,6,bowled,1,v Australia,Dhaka,159,7,20,7.95,NA,1,86,10,16.2,5.26,160,2
30/03/14,49,SK Raina,6,11,10,0,0,60,5,caught,1,v Australia,Dhaka,159,7,20,7.95,NA,1,86,10,16.2,5.26,160,2
30/03/14,49,Yuvraj Singh,60,61,43,5,4,139.53,4,caught,1,v Australia,Dhaka,159,7,20,7.95,NA,1,86,10,16.2,5.26,160,2
30/03/14,49,R Ashwin,2,5,3,0,0,66.66,8,not out,1,v Australia,Dhaka,159,7,20,7.95,NA,1,86,10,16.2,5.26,160,2
30/03/14,49,RG Sharma,5,1,3,1,0,166.66,1,caught,1,v Australia,Dhaka,159,7,20,7.95,NA,1,86,10,16.2,5.26,160,2
04/04/14,50,Yuvraj Singh,18,24,17,2,0,105.88,4,caught,2,v South Africa,Dhaka,176,4,19.1,9.18,173,1,172,4,20,8.6,NA,1
04/04/14,50,RG Sharma,24,17,13,4,1,184.61,1,caught,2,v South Africa,Dhaka,176,4,19.1,9.18,173,1,172,4,20,8.6,NA,1
04/04/14,50,AM Rahane,32,41,30,2,1,106.66,2,caught,2,v South Africa,Dhaka,176,4,19.1,9.18,173,1,172,4,20,8.6,NA,1
04/04/14,50,V Kohli,72,67,44,5,2,163.63,3,not out,2,v South Africa,Dhaka,176,4,19.1,9.18,173,1,172,4,20,8.6,NA,1
04/04/14,50,SK Raina,21,15,10,3,1,210,5,caught,2,v South Africa,Dhaka,176,4,19.1,9.18,173,1,172,4,20,8.6,NA,1
04/04/14,50,MS Dhoni,0,3,1,0,0,0,6,not out,2,v South Africa,Dhaka,176,4,19.1,9.18,173,1,172,4,20,8.6,NA,1
06/04/14,51,Yuvraj Singh,11,30,21,0,0,52.38,4,caught,1,v Sri Lanka,Dhaka,130,4,20,6.5,NA,0,134,4,17.5,7.51,131,2
06/04/14,51,AM Rahane,3,6,8,0,0,37.5,2,bowled,1,v Sri Lanka,Dhaka,130,4,20,6.5,NA,0,134,4,17.5,7.51,131,2
06/04/14,51,MS Dhoni,4,10,7,0,0,57.14,5,not out,1,v Sri Lanka,Dhaka,130,4,20,6.5,NA,0,134,4,17.5,7.51,131,2
06/04/14,51,RG Sharma,29,41,26,3,0,111.53,1,caught,1,v Sri Lanka,Dhaka,130,4,20,6.5,NA,0,134,4,17.5,7.51,131,2
06/04/14,51,V Kohli,77,75,58,5,4,132.75,3,run out,1,v Sri Lanka,Dhaka,130,4,20,6.5,NA,0,134,4,17.5,7.51,131,2
07/09/14,52,RA Jadeja,7,8,4,1,0,175,6,run out,2,v England,Birmingham,177,5,20,8.85,181,0,180,7,20,9,NA,1
07/09/14,52,AM Rahane,8,6,4,0,1,200,1,bowled,2,v England,Birmingham,177,5,20,8.85,181,0,180,7,20,9,NA,1
07/09/14,52,V Kohli,66,54,41,9,1,160.97,3,caught,2,v England,Birmingham,177,5,20,8.85,181,0,180,7,20,9,NA,1
07/09/14,52,MS Dhoni,27,35,18,2,1,150,5,not out,2,v England,Birmingham,177,5,20,8.85,181,0,180,7,20,9,NA,1
07/09/14,52,S Dhawan,33,40,28,2,2,117.85,2,bowled,2,v England,Birmingham,177,5,20,8.85,181,0,180,7,20,9,NA,1
07/09/14,52,SK Raina,25,32,20,1,1,125,4,bowled,2,v England,Birmingham,177,5,20,8.85,181,0,180,7,20,9,NA,1
17/07/15,53,AM Rahane,33,44,32,2,0,103.12,1,caught,1,v Zimbabwe,Harare,178,5,20,8.9,NA,1,124,7,20,6.2,179,2
17/07/15,53,MK Pandey,19,23,19,1,1,100,4,caught,1,v Zimbabwe,Harare,178,5,20,8.9,NA,1,124,7,20,6.2,179,2
17/07/15,53,RV Uthappa,39,57,35,2,0,111.42,3,not out,1,v Zimbabwe,Harare,178,5,20,8.9,NA,1,124,7,20,6.2,179,2
17/07/15,53,M Vijay,34,35,19,5,1,178.94,2,run out,1,v Zimbabwe,Harare,178,5,20,8.9,NA,1,124,7,20,6.2,179,2
17/07/15,53,Harbhajan Singh,8,3,3,1,0,266.66,7,not out,1,v Zimbabwe,Harare,178,5,20,8.9,NA,1,124,7,20,6.2,179,2
19/07/15,54,AM Rahane,4,NA,3,1,0,133.33,1,run out,2,v Zimbabwe,Harare,135,9,20,6.75,146,0,145,7,20,7.25,NA,1
19/07/15,54,MK Pandey,0,NA,3,0,0,0,4,lbw,2,v Zimbabwe,Harare,135,9,20,6.75,146,0,145,7,20,7.25,NA,1
19/07/15,54,RV Uthappa,42,NA,25,9,0,168,3,caught,2,v Zimbabwe,Harare,135,9,20,6.75,146,0,145,7,20,7.25,NA,1
19/07/15,54,M Vijay,13,NA,11,0,1,118.18,2,bowled,2,v Zimbabwe,Harare,135,9,20,6.75,146,0,145,7,20,7.25,NA,1
02/10/15,55,SK Raina,14,16,8,0,2,175,4,lbw,1,v South Africa,Dharamsala,199,5,20,9.95,NA,0,200,3,19.4,10.16,200,2
02/10/15,55,V Kohli,43,58,27,1,3,159.25,3,caught,1,v South Africa,Dharamsala,199,5,20,9.95,NA,0,200,3,19.4,10.16,200,2
02/10/15,55,MS Dhoni,20,22,12,2,1,166.66,5,not out,1,v South Africa,Dharamsala,199,5,20,9.95,NA,0,200,3,19.4,10.16,200,2
02/10/15,55,S Dhawan,3,16,4,0,0,75,2,run out,1,v South Africa,Dharamsala,199,5,20,9.95,NA,0,200,3,19.4,10.16,200,2
02/10/15,55,RG Sharma,106,79,66,12,5,160.6,1,caught,1,v South Africa,Dharamsala,199,5,20,9.95,NA,0,200,3,19.4,10.16,200,2
05/10/15,56,Harbhajan Singh,0,1,1,0,0,0,8,bowled,1,v South Africa,Cuttack,92,10,17.2,5.3,NA,0,96,4,17.1,5.59,93,2
05/10/15,56,S Dhawan,11,19,12,2,0,91.66,2,lbw,1,v South Africa,Cuttack,92,10,17.2,5.3,NA,0,96,4,17.1,5.59,93,2
05/10/15,56,SK Raina,22,46,24,3,0,91.66,4,caught,1,v South Africa,Cuttack,92,10,17.2,5.3,NA,0,96,4,17.1,5.59,93,2
05/10/15,56,MS Dhoni,5,20,8,0,0,62.5,6,caught,1,v South Africa,Cuttack,92,10,17.2,5.3,NA,0,96,4,17.1,5.59,93,2
05/10/15,56,RG Sharma,22,40,24,2,0,91.66,1,run out,1,v South Africa,Cuttack,92,10,17.2,5.3,NA,0,96,4,17.1,5.59,93,2
05/10/15,56,V Kohli,1,3,1,0,0,100,3,run out,1,v South Africa,Cuttack,92,10,17.2,5.3,NA,0,96,4,17.1,5.59,93,2
05/10/15,56,R Ashwin,11,24,15,1,0,73.33,9,bowled,1,v South Africa,Cuttack,92,10,17.2,5.3,NA,0,96,4,17.1,5.59,93,2
26/01/16,57,MS Dhoni,11,3,3,1,1,366.66,5,not out,1,v Australia,Adelaide,188,3,20,9.4,NA,1,151,10,19.3,7.74,189,2
26/01/16,57,RG Sharma,31,21,20,4,1,155,1,caught,1,v Australia,Adelaide,188,3,20,9.4,NA,1,151,10,19.3,7.74,189,2
26/01/16,57,S Dhawan,5,24,8,0,0,62.5,2,caught,1,v Australia,Adelaide,188,3,20,9.4,NA,1,151,10,19.3,7.74,189,2
26/01/16,57,SK Raina,41,63,34,3,1,120.58,4,bowled,1,v Australia,Adelaide,188,3,20,9.4,NA,1,151,10,19.3,7.74,189,2
26/01/16,57,V Kohli,90,71,55,9,2,163.63,3,not out,1,v Australia,Adelaide,188,3,20,9.4,NA,1,151,10,19.3,7.74,189,2
29/01/16,58,MS Dhoni,14,18,9,2,0,155.55,4,caught,1,v Australia,Melbourne,184,3,20,9.2,NA,1,157,8,20,7.85,185,2
29/01/16,58,V Kohli,59,44,33,7,1,178.78,3,not out,1,v Australia,Melbourne,184,3,20,9.2,NA,1,157,8,20,7.85,185,2
29/01/16,58,SK Raina,0,1,0,0,0,NA,5,not out,1,v Australia,Melbourne,184,3,20,9.2,NA,1,157,8,20,7.85,185,2
29/01/16,58,RG Sharma,60,69,47,5,2,127.65,1,run out,1,v Australia,Melbourne,184,3,20,9.2,NA,1,157,8,20,7.85,185,2
29/01/16,58,S Dhawan,42,46,32,3,2,131.25,2,caught,1,v Australia,Melbourne,184,3,20,9.2,NA,1,157,8,20,7.85,185,2
31/01/16,59,V Kohli,50,49,36,2,1,138.88,3,bowled,2,v Australia,Sydney,200,3,20,10,198,1,197,5,20,9.85,NA,1
31/01/16,59,S Dhawan,26,18,9,4,1,288.88,2,caught,2,v Australia,Sydney,200,3,20,10,198,1,197,5,20,9.85,NA,1
31/01/16,59,SK Raina,49,38,25,6,1,196,4,not out,2,v Australia,Sydney,200,3,20,10,198,1,197,5,20,9.85,NA,1
31/01/16,59,Yuvraj Singh,15,28,12,1,1,125,5,not out,2,v Australia,Sydney,200,3,20,10,198,1,197,5,20,9.85,NA,1
31/01/16,59,RG Sharma,52,57,38,5,1,136.84,1,caught,2,v Australia,Sydney,200,3,20,10,198,1,197,5,20,9.85,NA,1
09/02/16,60,MS Dhoni,2,2,2,0,0,100,6,caught,1,v Sri Lanka,Pune,101,10,18.5,5.36,NA,0,105,5,18,5.83,102,2
09/02/16,60,SK Raina,20,33,20,1,1,100,4,bowled,1,v Sri Lanka,Pune,101,10,18.5,5.36,NA,0,105,5,18,5.83,102,2
09/02/16,60,Yuvraj Singh,10,22,14,0,1,71.42,5,caught,1,v Sri Lanka,Pune,101,10,18.5,5.36,NA,0,105,5,18,5.83,102,2
09/02/16,60,S Dhawan,9,25,13,0,1,69.23,2,caught,1,v Sri Lanka,Pune,101,10,18.5,5.36,NA,0,105,5,18,5.83,102,2
09/02/16,60,RG Sharma,0,2,2,0,0,0,1,caught,1,v Sri Lanka,Pune,101,10,18.5,5.36,NA,0,105,5,18,5.83,102,2
09/02/16,60,R Ashwin,31,33,24,5,0,129.16,9,not out,1,v Sri Lanka,Pune,101,10,18.5,5.36,NA,0,105,5,18,5.83,102,2
09/02/16,60,HH Pandya,2,10,6,0,0,33.33,7,lbw,1,v Sri Lanka,Pune,101,10,18.5,5.36,NA,0,105,5,18,5.83,102,2
09/02/16,60,RA Jadeja,6,15,9,0,0,66.66,8,lbw,1,v Sri Lanka,Pune,101,10,18.5,5.36,NA,0,105,5,18,5.83,102,2
09/02/16,60,AM Rahane,4,3,4,1,0,100,3,caught,1,v Sri Lanka,Pune,101,10,18.5,5.36,NA,0,105,5,18,5.83,102,2
12/02/16,61,HH Pandya,27,NA,12,1,2,225,5,caught,1,v Sri Lanka,Ranchi,196,6,20,9.8,NA,1,127,9,20,6.35,197,2
12/02/16,61,RG Sharma,43,NA,36,2,1,119.44,1,caught,1,v Sri Lanka,Ranchi,196,6,20,9.8,NA,1,127,9,20,6.35,197,2
12/02/16,61,SK Raina,30,NA,19,5,0,157.89,4,caught,1,v Sri Lanka,Ranchi,196,6,20,9.8,NA,1,127,9,20,6.35,197,2
12/02/16,61,MS Dhoni,9,NA,5,1,0,180,6,not out,1,v Sri Lanka,Ranchi,196,6,20,9.8,NA,1,127,9,20,6.35,197,2
12/02/16,61,AM Rahane,25,NA,21,3,0,119.04,3,caught,1,v Sri Lanka,Ranchi,196,6,20,9.8,NA,1,127,9,20,6.35,197,2
12/02/16,61,S Dhawan,51,NA,25,7,2,204,2,caught,1,v Sri Lanka,Ranchi,196,6,20,9.8,NA,1,127,9,20,6.35,197,2
12/02/16,61,RA Jadeja,1,NA,1,0,0,100,8,not out,1,v Sri Lanka,Ranchi,196,6,20,9.8,NA,1,127,9,20,6.35,197,2
12/02/16,61,Yuvraj Singh,0,NA,1,0,0,0,7,caught,1,v Sri Lanka,Ranchi,196,6,20,9.8,NA,1,127,9,20,6.35,197,2
14/02/16,62,S Dhawan,46,NA,46,5,1,100,2,not out,2,v Sri Lanka,Visakhapatnam,84,1,13.5,6.07,83,1,82,10,18,4.55,NA,1
14/02/16,62,AM Rahane,22,NA,24,1,0,91.66,3,not out,2,v Sri Lanka,Visakhapatnam,84,1,13.5,6.07,83,1,82,10,18,4.55,NA,1
14/02/16,62,RG Sharma,13,NA,13,1,1,100,1,lbw,2,v Sri Lanka,Visakhapatnam,84,1,13.5,6.07,83,1,82,10,18,4.55,NA,1
24/02/16,63,V Kohli,7,13,12,1,0,58.33,3,caught,1,v Bangladesh,Dhaka,166,6,20,8.3,NA,1,121,7,20,6.05,167,2
24/02/16,63,HH Pandya,31,25,18,4,1,172.22,6,caught,1,v Bangladesh,Dhaka,166,6,20,8.3,NA,1,121,7,20,6.05,167,2
24/02/16,63,SK Raina,13,14,13,2,0,100,4,bowled,1,v Bangladesh,Dhaka,166,6,20,8.3,NA,1,121,7,20,6.05,167,2
24/02/16,63,MS Dhoni,8,4,2,0,1,400,7,not out,1,v Bangladesh,Dhaka,166,6,20,8.3,NA,1,121,7,20,6.05,167,2
24/02/16,63,RG Sharma,83,90,55,7,3,150.9,1,caught,1,v Bangladesh,Dhaka,166,6,20,8.3,NA,1,121,7,20,6.05,167,2
24/02/16,63,RA Jadeja,0,1,0,0,0,NA,8,not out,1,v Bangladesh,Dhaka,166,6,20,8.3,NA,1,121,7,20,6.05,167,2
24/02/16,63,S Dhawan,2,6,4,0,0,50,2,bowled,1,v Bangladesh,Dhaka,166,6,20,8.3,NA,1,121,7,20,6.05,167,2
24/02/16,63,Yuvraj Singh,15,29,16,1,0,93.75,5,caught,1,v Bangladesh,Dhaka,166,6,20,8.3,NA,1,121,7,20,6.05,167,2
27/02/16,64,Yuvraj Singh,14,66,32,2,0,43.75,5,not out,2,v Pakistan,Dhaka,85,5,15.3,5.48,84,1,83,10,17.3,4.74,NA,1
27/02/16,64,HH Pandya,0,1,2,0,0,0,6,caught,2,v Pakistan,Dhaka,85,5,15.3,5.48,84,1,83,10,17.3,4.74,NA,1
27/02/16,64,SK Raina,1,10,4,0,0,25,4,caught,2,v Pakistan,Dhaka,85,5,15.3,5.48,84,1,83,10,17.3,4.74,NA,1
27/02/16,64,V Kohli,49,71,51,7,0,96.07,3,lbw,2,v Pakistan,Dhaka,85,5,15.3,5.48,84,1,83,10,17.3,4.74,NA,1
27/02/16,64,AM Rahane,0,5,1,0,0,0,2,lbw,2,v Pakistan,Dhaka,85,5,15.3,5.48,84,1,83,10,17.3,4.74,NA,1
27/02/16,64,RG Sharma,0,2,2,0,0,0,1,lbw,2,v Pakistan,Dhaka,85,5,15.3,5.48,84,1,83,10,17.3,4.74,NA,1
27/02/16,64,MS Dhoni,7,6,3,1,0,233.33,7,not out,2,v Pakistan,Dhaka,85,5,15.3,5.48,84,1,83,10,17.3,4.74,NA,1
01/03/16,65,Yuvraj Singh,35,30,18,3,3,194.44,5,caught,2,v Sri Lanka,Dhaka,142,5,19.2,7.34,139,1,138,9,20,6.9,NA,1
01/03/16,65,HH Pandya,2,3,4,0,0,50,6,bowled,2,v Sri Lanka,Dhaka,142,5,19.2,7.34,139,1,138,9,20,6.9,NA,1
01/03/16,65,RG Sharma,15,15,14,3,0,107.14,2,caught,2,v Sri Lanka,Dhaka,142,5,19.2,7.34,139,1,138,9,20,6.9,NA,1
01/03/16,65,V Kohli,56,85,47,7,0,119.14,3,not out,2,v Sri Lanka,Dhaka,142,5,19.2,7.34,139,1,138,9,20,6.9,NA,1
01/03/16,65,SK Raina,25,35,26,2,0,96.15,4,caught,2,v Sri Lanka,Dhaka,142,5,19.2,7.34,139,1,138,9,20,6.9,NA,1
01/03/16,65,MS Dhoni,7,7,4,0,1,175,7,not out,2,v Sri Lanka,Dhaka,142,5,19.2,7.34,139,1,138,9,20,6.9,NA,1
01/03/16,65,S Dhawan,1,9,3,0,0,33.33,1,caught,2,v Sri Lanka,Dhaka,142,5,19.2,7.34,139,1,138,9,20,6.9,NA,1
03/03/16,66,Yuvraj Singh,25,19,14,4,1,178.57,3,not out,2,v U.A.E.,Dhaka,82,1,10.1,8.06,82,1,81,9,20,4.05,NA,1
03/03/16,66,S Dhawan,16,46,20,3,0,80,2,not out,2,v U.A.E.,Dhaka,82,1,10.1,8.06,82,1,81,9,20,4.05,NA,1
03/03/16,66,RG Sharma,39,26,28,7,1,139.28,1,caught,2,v U.A.E.,Dhaka,82,1,10.1,8.06,82,1,81,9,20,4.05,NA,1
06/03/16,67,V Kohli,41,62,28,5,0,146.42,3,not out,2,v Bangladesh,Dhaka,122,2,13.5,8.81,121,1,120,5,15,8,NA,1
06/03/16,67,RG Sharma,1,8,5,0,0,20,1,caught,2,v Bangladesh,Dhaka,122,2,13.5,8.81,121,1,120,5,15,8,NA,1
06/03/16,67,MS Dhoni,20,7,6,1,2,333.33,4,not out,2,v Bangladesh,Dhaka,122,2,13.5,8.81,121,1,120,5,15,8,NA,1
06/03/16,67,S Dhawan,60,63,44,9,1,136.36,2,caught,2,v Bangladesh,Dhaka,122,2,13.5,8.81,121,1,120,5,15,8,NA,1
15/03/16,68,RA Jadeja,0,NA,3,0,0,0,8,caught,2,v New Zealand,Nagpur,79,10,18.1,4.34,127,0,126,7,20,6.3,NA,1
15/03/16,68,MS Dhoni,30,NA,30,1,1,100,6,caught,2,v New Zealand,Nagpur,79,10,18.1,4.34,127,0,126,7,20,6.3,NA,1
15/03/16,68,R Ashwin,10,NA,20,0,0,50,9,stumped,2,v New Zealand,Nagpur,79,10,18.1,4.34,127,0,126,7,20,6.3,NA,1
15/03/16,68,V Kohli,23,NA,27,2,0,85.18,3,caught,2,v New Zealand,Nagpur,79,10,18.1,4.34,127,0,126,7,20,6.3,NA,1
15/03/16,68,Yuvraj Singh,4,NA,5,1,0,80,5,caught,2,v New Zealand,Nagpur,79,10,18.1,4.34,127,0,126,7,20,6.3,NA,1
15/03/16,68,RG Sharma,5,NA,7,0,0,71.42,1,stumped,2,v New Zealand,Nagpur,79,10,18.1,4.34,127,0,126,7,20,6.3,NA,1
15/03/16,68,SK Raina,1,NA,2,0,0,50,4,caught,2,v New Zealand,Nagpur,79,10,18.1,4.34,127,0,126,7,20,6.3,NA,1
15/03/16,68,HH Pandya,1,NA,7,0,0,14.28,7,lbw,2,v New Zealand,Nagpur,79,10,18.1,4.34,127,0,126,7,20,6.3,NA,1
15/03/16,68,S Dhawan,1,NA,3,0,0,33.33,2,lbw,2,v New Zealand,Nagpur,79,10,18.1,4.34,127,0,126,7,20,6.3,NA,1
19/03/16,69,SK Raina,0,1,1,0,0,0,4,bowled,2,v Pakistan,Kolkata,119,4,15.5,7.51,119,1,118,5,18,6.55,NA,1
19/03/16,69,Yuvraj Singh,24,35,23,1,1,104.34,5,caught,2,v Pakistan,Kolkata,119,4,15.5,7.51,119,1,118,5,18,6.55,NA,1
19/03/16,69,V Kohli,55,66,37,7,1,148.64,3,not out,2,v Pakistan,Kolkata,119,4,15.5,7.51,119,1,118,5,18,6.55,NA,1
19/03/16,69,MS Dhoni,13,15,9,0,1,144.44,6,not out,2,v Pakistan,Kolkata,119,4,15.5,7.51,119,1,118,5,18,6.55,NA,1
19/03/16,69,S Dhawan,6,24,15,1,0,40,2,bowled,2,v Pakistan,Kolkata,119,4,15.5,7.51,119,1,118,5,18,6.55,NA,1
19/03/16,69,RG Sharma,10,11,11,2,0,90.9,1,caught,2,v Pakistan,Kolkata,119,4,15.5,7.51,119,1,118,5,18,6.55,NA,1
23/03/16,70,V Kohli,24,37,24,0,1,100,3,bowled,1,v Bangladesh,Bangalore,146,7,20,7.3,NA,1,145,9,20,7.25,147,2
23/03/16,70,SK Raina,30,40,23,1,2,130.43,4,caught,1,v Bangladesh,Bangalore,146,7,20,7.3,NA,1,145,9,20,7.25,147,2
23/03/16,70,R Ashwin,5,4,2,1,0,250,9,not out,1,v Bangladesh,Bangalore,146,7,20,7.3,NA,1,145,9,20,7.25,147,2
23/03/16,70,MS Dhoni,13,29,12,1,0,108.33,6,not out,1,v Bangladesh,Bangalore,146,7,20,7.3,NA,1,145,9,20,7.25,147,2
23/03/16,70,RG Sharma,18,29,16,1,1,112.5,1,caught,1,v Bangladesh,Bangalore,146,7,20,7.3,NA,1,145,9,20,7.25,147,2
23/03/16,70,HH Pandya,15,9,7,2,1,214.28,5,caught,1,v Bangladesh,Bangalore,146,7,20,7.3,NA,1,145,9,20,7.25,147,2
23/03/16,70,Yuvraj Singh,3,8,6,0,0,50,7,caught,1,v Bangladesh,Bangalore,146,7,20,7.3,NA,1,145,9,20,7.25,147,2
23/03/16,70,S Dhawan,23,33,22,2,1,104.54,2,lbw,1,v Bangladesh,Bangalore,146,7,20,7.3,NA,1,145,9,20,7.25,147,2
23/03/16,70,RA Jadeja,12,15,8,2,0,150,8,bowled,1,v Bangladesh,Bangalore,146,7,20,7.3,NA,1,145,9,20,7.25,147,2
27/03/16,71,MS Dhoni,18,29,10,3,0,180,6,not out,2,v Australia,Mohali,161,4,19.1,8.4,161,1,160,6,20,8,NA,1
27/03/16,71,Yuvraj Singh,21,31,18,1,1,116.66,5,caught,2,v Australia,Mohali,161,4,19.1,8.4,161,1,160,6,20,8,NA,1
27/03/16,71,S Dhawan,13,16,12,1,1,108.33,2,caught,2,v Australia,Mohali,161,4,19.1,8.4,161,1,160,6,20,8,NA,1
27/03/16,71,V Kohli,82,78,51,9,2,160.78,3,not out,2,v Australia,Mohali,161,4,19.1,8.4,161,1,160,6,20,8,NA,1
27/03/16,71,SK Raina,10,9,7,1,0,142.85,4,caught,2,v Australia,Mohali,161,4,19.1,8.4,161,1,160,6,20,8,NA,1
27/03/16,71,RG Sharma,12,25,17,1,0,70.58,1,bowled,2,v Australia,Mohali,161,4,19.1,8.4,161,1,160,6,20,8,NA,1
31/03/16,72,RG Sharma,43,29,31,3,3,138.7,1,lbw,1,v West Indies,Mumbai,192,2,20,9.6,NA,0,196,3,19.4,9.96,193,2
31/03/16,72,V Kohli,89,63,47,11,1,189.36,3,not out,1,v West Indies,Mumbai,192,2,20,9.6,NA,0,196,3,19.4,9.96,193,2
31/03/16,72,MS Dhoni,15,24,9,1,0,166.66,4,not out,1,v West Indies,Mumbai,192,2,20,9.6,NA,0,196,3,19.4,9.96,193,2
31/03/16,72,AM Rahane,40,68,35,2,0,114.28,2,caught,1,v West Indies,Mumbai,192,2,20,9.6,NA,0,196,3,19.4,9.96,193,2
